cell_barcode,donor,sample,condition,batch,lane,pathway_score,nc_unit,nc_split
cell_treated_0,donor_1,single_treated,treated,batch_1,lane_1,-1.1559,,
cell_treated_1,donor_1,single_treated,treated,batch_1,lane_2,-0.3886,,
cell_treated_2,donor_1,single_treated,treated,batch_1,lane_3,-1.1261,,
cell_treated_3,donor_1,single_treated,treated,batch_1,lane_1,-1.2151,,
cell_treated_4,donor_1,single_treated,treated,batch_1,lane_2,-1.83,,
cell_treated_5,donor_1,single_treated,treated,batch_1,lane_3,-1.1133,,
cell_treated_6,donor_1,single_treated,treated,batch_1,lane_1,0.2119,,
cell_treated_7,donor_1,single_treated,treated,batch_1,lane_2,-0.4759,,
cell_treated_8,donor_1,single_treated,treated,batch_1,lane_3,0.1369,,
cell_treated_9,donor_1,single_treated,treated,batch_1,lane_1,-0.6511,,
cell_treated_10,donor_1,single_treated,treated,batch_1,lane_2,-0.5052,,
cell_treated_11,donor_1,single_treated,treated,batch_1,lane_3,-0.7147,,
cell_treated_12,donor_1,single_treated,treated,batch_1,lane_1,-2.5661,,
cell_treated_13,donor_1,single_treated,treated,batch_1,lane_2,-0.0447,,
cell_treated_14,donor_1,single_treated,treated,batch_1,lane_3,-0.3936,,
cell_treated_15,donor_1,single_treated,treated,batch_1,lane_1,-0.4012,,
cell_treated_16,donor_1,single_treated,treated,batch_1,lane_2,-2.5914,,
cell_treated_17,donor_1,single_treated,treated,batch_1,lane_3,-2.6439,,
cell_treated_18,donor_1,single_treated,treated,batch_1,lane_1,-1.7896,,
cell_treated_19,donor_1,single_treated,treated,batch_1,lane_2,-1.3682,,
cell_treated_20,donor_1,single_treated,treated,batch_1,lane_3,-0.5946,,
cell_treated_21,donor_1,single_treated,treated,batch_1,lane_1,-0.9459,,
cell_treated_22,donor_1,single_treated,treated,batch_1,lane_2,-0.379,,
cell_treated_23,donor_1,single_treated,treated,batch_1,lane_3,-1.5422,,
cell_treated_24,donor_1,single_treated,treated,batch_1,lane_1,-0.5913,,
cell_treated_25,donor_1,single_treated,treated,batch_1,lane_2,-0.5058,,
cell_treated_26,donor_1,single_treated,treated,batch_1,lane_3,-1.5611,,
cell_treated_27,donor_1,single_treated,treated,batch_1,lane_1,0.8175,,
cell_treated_28,donor_1,single_treated,treated,batch_1,lane_2,-0.3434,,
cell_treated_29,donor_1,single_treated,treated,batch_1,lane_3,0.297,,
cell_treated_30,donor_1,single_treated,treated,batch_1,lane_1,-1.5203,,
cell_treated_31,donor_1,single_treated,treated,batch_1,lane_2,-1.6395,,
cell_treated_32,donor_1,single_treated,treated,batch_1,lane_3,-1.244,,
cell_treated_33,donor_1,single_treated,treated,batch_1,lane_1,-1.0064,,
cell_treated_34,donor_1,single_treated,treated,batch_1,lane_2,-0.2679,,
cell_treated_35,donor_1,single_treated,treated,batch_1,lane_3,-0.6516,,
cell_treated_36,donor_1,single_treated,treated,batch_1,lane_1,-1.3474,,
cell_treated_37,donor_1,single_treated,treated,batch_1,lane_2,-1.8569,,
cell_treated_38,donor_1,single_treated,treated,batch_1,lane_3,-1.4206,,
cell_treated_39,donor_1,single_treated,treated,batch_1,lane_1,0.3209,,
cell_treated_40,donor_1,single_treated,treated,batch_1,lane_2,-1.7079,,
cell_treated_41,donor_1,single_treated,treated,batch_1,lane_3,-0.6552,,
cell_treated_42,donor_1,single_treated,treated,batch_1,lane_1,-0.4735,,
cell_treated_43,donor_1,single_treated,treated,batch_1,lane_2,-2.3897,,
cell_treated_44,donor_1,single_treated,treated,batch_1,lane_3,-0.8515,,
cell_treated_45,donor_1,single_treated,treated,batch_1,lane_1,0.4062,,
cell_treated_46,donor_1,single_treated,treated,batch_1,lane_2,-2.9144,,
cell_treated_47,donor_1,single_treated,treated,batch_1,lane_3,-1.2216,,
cell_treated_48,donor_1,single_treated,treated,batch_1,lane_1,-1.0061,,
cell_treated_49,donor_1,single_treated,treated,batch_1,lane_2,-1.7173,,
cell_treated_50,donor_1,single_treated,treated,batch_1,lane_3,-0.4026,,
cell_treated_51,donor_1,single_treated,treated,batch_1,lane_1,-0.9623,,
cell_treated_52,donor_1,single_treated,treated,batch_1,lane_2,-2.3647,,
cell_treated_53,donor_1,single_treated,treated,batch_1,lane_3,-0.0722,,
cell_treated_54,donor_1,single_treated,treated,batch_1,lane_1,-0.2307,,
cell_treated_55,donor_1,single_treated,treated,batch_1,lane_2,0.0458,,
cell_treated_56,donor_1,single_treated,treated,batch_1,lane_3,0.5406,,
cell_treated_57,donor_1,single_treated,treated,batch_1,lane_1,-0.5378,,
cell_treated_58,donor_1,single_treated,treated,batch_1,lane_2,-0.7807,,
cell_treated_59,donor_1,single_treated,treated,batch_1,lane_3,-2.1992,,
cell_treated_60,donor_1,single_treated,treated,batch_1,lane_1,-0.2846,,
cell_treated_61,donor_1,single_treated,treated,batch_1,lane_2,-1.5118,,
cell_treated_62,donor_1,single_treated,treated,batch_1,lane_3,-1.3527,,
cell_treated_63,donor_1,single_treated,treated,batch_1,lane_1,-2.1648,,
cell_treated_64,donor_1,single_treated,treated,batch_1,lane_2,-1.8676,,
cell_treated_65,donor_1,single_treated,treated,batch_1,lane_3,-1.4311,,
cell_treated_66,donor_1,single_treated,treated,batch_1,lane_1,0.3888,,
cell_treated_67,donor_1,single_treated,treated,batch_1,lane_2,-2.9318,,
cell_treated_68,donor_1,single_treated,treated,batch_1,lane_3,-2.3577,,
cell_treated_69,donor_1,single_treated,treated,batch_1,lane_1,-0.6606,,
cell_treated_70,donor_1,single_treated,treated,batch_1,lane_2,0.5433,,
cell_treated_71,donor_1,single_treated,treated,batch_1,lane_3,-0.3215,,
cell_treated_72,donor_1,single_treated,treated,batch_1,lane_1,-2.7999,,
cell_treated_73,donor_1,single_treated,treated,batch_1,lane_2,-3.4182,,
cell_treated_74,donor_1,single_treated,treated,batch_1,lane_3,-0.5426,,
cell_treated_75,donor_1,single_treated,treated,batch_1,lane_1,-1.6363,,
cell_treated_76,donor_1,single_treated,treated,batch_1,lane_2,-2.0198,,
cell_treated_77,donor_1,single_treated,treated,batch_1,lane_3,0.0774,,
cell_treated_78,donor_1,single_treated,treated,batch_1,lane_1,0.2018,,
cell_treated_79,donor_1,single_treated,treated,batch_1,lane_2,-0.7427,,
cell_treated_80,donor_1,single_treated,treated,batch_1,lane_3,-0.6542,,
cell_treated_81,donor_1,single_treated,treated,batch_1,lane_1,-0.4656,,
cell_treated_82,donor_1,single_treated,treated,batch_1,lane_2,0.694,,
cell_treated_83,donor_1,single_treated,treated,batch_1,lane_3,-0.281,,
cell_treated_84,donor_1,single_treated,treated,batch_1,lane_1,-0.3814,,
cell_treated_85,donor_1,single_treated,treated,batch_1,lane_2,-0.3523,,
cell_treated_86,donor_1,single_treated,treated,batch_1,lane_3,-2.4683,,
cell_treated_87,donor_1,single_treated,treated,batch_1,lane_1,0.3817,,
cell_treated_88,donor_1,single_treated,treated,batch_1,lane_2,0.0551,,
cell_treated_89,donor_1,single_treated,treated,batch_1,lane_3,-0.3704,,
cell_treated_90,donor_1,single_treated,treated,batch_1,lane_1,-2.8739,,
cell_treated_91,donor_1,single_treated,treated,batch_1,lane_2,-1.5337,,
cell_treated_92,donor_1,single_treated,treated,batch_1,lane_3,-0.0577,,
cell_treated_93,donor_1,single_treated,treated,batch_1,lane_1,-2.7112,,
cell_treated_94,donor_1,single_treated,treated,batch_1,lane_2,-1.084,,
cell_treated_95,donor_1,single_treated,treated,batch_1,lane_3,0.1195,,
cell_treated_96,donor_1,single_treated,treated,batch_1,lane_1,-2.2112,,
cell_treated_97,donor_1,single_treated,treated,batch_1,lane_2,0.7101,,
cell_treated_98,donor_1,single_treated,treated,batch_1,lane_3,-0.348,,
cell_treated_99,donor_1,single_treated,treated,batch_1,lane_1,-1.0501,,
cell_treated_100,donor_1,single_treated,treated,batch_1,lane_2,-0.5751,,
cell_treated_101,donor_1,single_treated,treated,batch_1,lane_3,-0.2502,,
cell_treated_102,donor_1,single_treated,treated,batch_1,lane_1,-0.7796,,
cell_treated_103,donor_1,single_treated,treated,batch_1,lane_2,0.2457,,
cell_treated_104,donor_1,single_treated,treated,batch_1,lane_3,-1.5615,,
cell_treated_105,donor_1,single_treated,treated,batch_1,lane_1,-1.3147,,
cell_treated_106,donor_1,single_treated,treated,batch_1,lane_2,0.1417,,
cell_treated_107,donor_1,single_treated,treated,batch_1,lane_3,-0.8732,,
cell_treated_108,donor_1,single_treated,treated,batch_1,lane_1,-1.7805,,
cell_treated_109,donor_1,single_treated,treated,batch_1,lane_2,0.0465,,
cell_treated_110,donor_1,single_treated,treated,batch_1,lane_3,0.5655,,
cell_treated_111,donor_1,single_treated,treated,batch_1,lane_1,-1.3448,,
cell_treated_112,donor_1,single_treated,treated,batch_1,lane_2,-2.28,,
cell_treated_113,donor_1,single_treated,treated,batch_1,lane_3,-1.0347,,
cell_treated_114,donor_1,single_treated,treated,batch_1,lane_1,-1.049,,
cell_treated_115,donor_1,single_treated,treated,batch_1,lane_2,-1.198,,
cell_treated_116,donor_1,single_treated,treated,batch_1,lane_3,0.5048,,
cell_treated_117,donor_1,single_treated,treated,batch_1,lane_1,-1.9269,,
cell_treated_118,donor_1,single_treated,treated,batch_1,lane_2,0.3606,,
cell_treated_119,donor_1,single_treated,treated,batch_1,lane_3,-2.1683,,
cell_treated_120,donor_1,single_treated,treated,batch_1,lane_1,-1.687,,
cell_treated_121,donor_1,single_treated,treated,batch_1,lane_2,-0.2685,,
cell_treated_122,donor_1,single_treated,treated,batch_1,lane_3,0.2287,,
cell_treated_123,donor_1,single_treated,treated,batch_1,lane_1,-0.041,,
cell_treated_124,donor_1,single_treated,treated,batch_1,lane_2,-0.5548,,
cell_treated_125,donor_1,single_treated,treated,batch_1,lane_3,-0.7576,,
cell_treated_126,donor_1,single_treated,treated,batch_1,lane_1,-0.7475,,
cell_treated_127,donor_1,single_treated,treated,batch_1,lane_2,-0.3247,,
cell_treated_128,donor_1,single_treated,treated,batch_1,lane_3,-1.0762,,
cell_treated_129,donor_1,single_treated,treated,batch_1,lane_1,-0.6226,,
cell_treated_130,donor_1,single_treated,treated,batch_1,lane_2,-0.3273,,
cell_treated_131,donor_1,single_treated,treated,batch_1,lane_3,-0.8992,,
cell_treated_132,donor_1,single_treated,treated,batch_1,lane_1,-0.136,,
cell_treated_133,donor_1,single_treated,treated,batch_1,lane_2,-0.3341,,
cell_treated_134,donor_1,single_treated,treated,batch_1,lane_3,1.1106,,
cell_treated_135,donor_1,single_treated,treated,batch_1,lane_1,-0.5751,,
cell_treated_136,donor_1,single_treated,treated,batch_1,lane_2,-1.3276,,
cell_treated_137,donor_1,single_treated,treated,batch_1,lane_3,-1.2726,,
cell_treated_138,donor_1,single_treated,treated,batch_1,lane_1,-0.9131,,
cell_treated_139,donor_1,single_treated,treated,batch_1,lane_2,0.0238,,
cell_treated_140,donor_1,single_treated,treated,batch_1,lane_3,-1.2366,,
cell_treated_141,donor_1,single_treated,treated,batch_1,lane_1,-0.5142,,
cell_treated_142,donor_1,single_treated,treated,batch_1,lane_2,0.9373,,
cell_treated_143,donor_1,single_treated,treated,batch_1,lane_3,-3.4647,,
cell_treated_144,donor_1,single_treated,treated,batch_1,lane_1,-2.0239,,
cell_treated_145,donor_1,single_treated,treated,batch_1,lane_2,-0.6561,,
cell_treated_146,donor_1,single_treated,treated,batch_1,lane_3,-0.5017,,
cell_treated_147,donor_1,single_treated,treated,batch_1,lane_1,-0.6614,,
cell_treated_148,donor_1,single_treated,treated,batch_1,lane_2,-1.3312,,
cell_treated_149,donor_1,single_treated,treated,batch_1,lane_3,-0.2449,,
cell_treated_150,donor_1,single_treated,treated,batch_1,lane_1,-0.6179,,
cell_treated_151,donor_1,single_treated,treated,batch_1,lane_2,-1.4221,,
cell_treated_152,donor_1,single_treated,treated,batch_1,lane_3,1.5301,,
cell_treated_153,donor_1,single_treated,treated,batch_1,lane_1,-0.5449,,
cell_treated_154,donor_1,single_treated,treated,batch_1,lane_2,-1.4542,,
cell_treated_155,donor_1,single_treated,treated,batch_1,lane_3,-0.9994,,
cell_treated_156,donor_1,single_treated,treated,batch_1,lane_1,-1.1256,,
cell_treated_157,donor_1,single_treated,treated,batch_1,lane_2,-0.9627,,
cell_treated_158,donor_1,single_treated,treated,batch_1,lane_3,-3.6281,,
cell_treated_159,donor_1,single_treated,treated,batch_1,lane_1,-1.3869,,
cell_treated_160,donor_1,single_treated,treated,batch_1,lane_2,0.1086,,
cell_treated_161,donor_1,single_treated,treated,batch_1,lane_3,-2.0686,,
cell_treated_162,donor_1,single_treated,treated,batch_1,lane_1,-0.9667,,
cell_treated_163,donor_1,single_treated,treated,batch_1,lane_2,0.0535,,
cell_treated_164,donor_1,single_treated,treated,batch_1,lane_3,-0.0438,,
cell_treated_165,donor_1,single_treated,treated,batch_1,lane_1,0.5911,,
cell_treated_166,donor_1,single_treated,treated,batch_1,lane_2,-2.6014,,
cell_treated_167,donor_1,single_treated,treated,batch_1,lane_3,-1.2534,,
cell_treated_168,donor_1,single_treated,treated,batch_1,lane_1,-1.2409,,
cell_treated_169,donor_1,single_treated,treated,batch_1,lane_2,-0.2767,,
cell_treated_170,donor_1,single_treated,treated,batch_1,lane_3,0.1918,,
cell_treated_171,donor_1,single_treated,treated,batch_1,lane_1,-3.5828,,
cell_treated_172,donor_1,single_treated,treated,batch_1,lane_2,0.1887,,
cell_treated_173,donor_1,single_treated,treated,batch_1,lane_3,-2.3475,,
cell_treated_174,donor_1,single_treated,treated,batch_1,lane_1,-0.2169,,
cell_treated_175,donor_1,single_treated,treated,batch_1,lane_2,-2.3921,,
cell_treated_176,donor_1,single_treated,treated,batch_1,lane_3,-0.7241,,
cell_treated_177,donor_1,single_treated,treated,batch_1,lane_1,0.2947,,
cell_treated_178,donor_1,single_treated,treated,batch_1,lane_2,-1.0493,,
cell_treated_179,donor_1,single_treated,treated,batch_1,lane_3,-0.7089,,
cell_treated_180,donor_1,single_treated,treated,batch_1,lane_1,-0.1029,,
cell_treated_181,donor_1,single_treated,treated,batch_1,lane_2,-0.7586,,
cell_treated_182,donor_1,single_treated,treated,batch_1,lane_3,-0.9885,,
cell_treated_183,donor_1,single_treated,treated,batch_1,lane_1,0.6333,,
cell_treated_184,donor_1,single_treated,treated,batch_1,lane_2,0.1485,,
cell_treated_185,donor_1,single_treated,treated,batch_1,lane_3,-1.1938,,
cell_treated_186,donor_1,single_treated,treated,batch_1,lane_1,1.8453,,
cell_treated_187,donor_1,single_treated,treated,batch_1,lane_2,-2.0468,,
cell_treated_188,donor_1,single_treated,treated,batch_1,lane_3,0.0146,,
cell_treated_189,donor_1,single_treated,treated,batch_1,lane_1,-1.1657,,
cell_treated_190,donor_1,single_treated,treated,batch_1,lane_2,-0.7676,,
cell_treated_191,donor_1,single_treated,treated,batch_1,lane_3,-0.195,,
cell_treated_192,donor_1,single_treated,treated,batch_1,lane_1,-0.6778,,
cell_treated_193,donor_1,single_treated,treated,batch_1,lane_2,-0.2614,,
cell_treated_194,donor_1,single_treated,treated,batch_1,lane_3,-2.4273,,
cell_treated_195,donor_1,single_treated,treated,batch_1,lane_1,-2.4095,,
cell_treated_196,donor_1,single_treated,treated,batch_1,lane_2,-0.2851,,
cell_treated_197,donor_1,single_treated,treated,batch_1,lane_3,-1.8632,,
cell_treated_198,donor_1,single_treated,treated,batch_1,lane_1,-1.9266,,
cell_treated_199,donor_1,single_treated,treated,batch_1,lane_2,-2.3701,,
cell_treated_200,donor_1,single_treated,treated,batch_1,lane_3,0.3664,,
cell_treated_201,donor_1,single_treated,treated,batch_1,lane_1,-0.1534,,
cell_treated_202,donor_1,single_treated,treated,batch_1,lane_2,0.5731,,
cell_treated_203,donor_1,single_treated,treated,batch_1,lane_3,-1.8377,,
cell_treated_204,donor_1,single_treated,treated,batch_1,lane_1,-0.899,,
cell_treated_205,donor_1,single_treated,treated,batch_1,lane_2,-2.0403,,
cell_treated_206,donor_1,single_treated,treated,batch_1,lane_3,-0.134,,
cell_treated_207,donor_1,single_treated,treated,batch_1,lane_1,0.6894,,
cell_treated_208,donor_1,single_treated,treated,batch_1,lane_2,-1.7902,,
cell_treated_209,donor_1,single_treated,treated,batch_1,lane_3,0.6603,,
cell_treated_210,donor_1,single_treated,treated,batch_1,lane_1,0.088,,
cell_treated_211,donor_1,single_treated,treated,batch_1,lane_2,-1.0778,,
cell_treated_212,donor_1,single_treated,treated,batch_1,lane_3,-2.872,,
cell_treated_213,donor_1,single_treated,treated,batch_1,lane_1,0.5066,,
cell_treated_214,donor_1,single_treated,treated,batch_1,lane_2,-0.9963,,
cell_treated_215,donor_1,single_treated,treated,batch_1,lane_3,-1.5028,,
cell_treated_216,donor_1,single_treated,treated,batch_1,lane_1,-0.5004,,
cell_treated_217,donor_1,single_treated,treated,batch_1,lane_2,-0.49,,
cell_treated_218,donor_1,single_treated,treated,batch_1,lane_3,0.5981,,
cell_treated_219,donor_1,single_treated,treated,batch_1,lane_1,-1.9201,,
cell_treated_220,donor_1,single_treated,treated,batch_1,lane_2,0.2362,,
cell_treated_221,donor_1,single_treated,treated,batch_1,lane_3,0.5874,,
cell_treated_222,donor_1,single_treated,treated,batch_1,lane_1,0.5522,,
cell_treated_223,donor_1,single_treated,treated,batch_1,lane_2,-1.0806,,
cell_treated_224,donor_1,single_treated,treated,batch_1,lane_3,-1.644,,
cell_treated_225,donor_1,single_treated,treated,batch_1,lane_1,0.1186,,
cell_treated_226,donor_1,single_treated,treated,batch_1,lane_2,-0.7848,,
cell_treated_227,donor_1,single_treated,treated,batch_1,lane_3,-0.7758,,
cell_treated_228,donor_1,single_treated,treated,batch_1,lane_1,0.5242,,
cell_treated_229,donor_1,single_treated,treated,batch_1,lane_2,-1.1634,,
cell_treated_230,donor_1,single_treated,treated,batch_1,lane_3,-3.1967,,
cell_treated_231,donor_1,single_treated,treated,batch_1,lane_1,-1.2872,,
cell_treated_232,donor_1,single_treated,treated,batch_1,lane_2,-2.7539,,
cell_treated_233,donor_1,single_treated,treated,batch_1,lane_3,-0.0812,,
cell_treated_234,donor_1,single_treated,treated,batch_1,lane_1,-0.583,,
cell_treated_235,donor_1,single_treated,treated,batch_1,lane_2,-1.5112,,
cell_treated_236,donor_1,single_treated,treated,batch_1,lane_3,-0.9096,,
cell_treated_237,donor_1,single_treated,treated,batch_1,lane_1,-0.0674,,
cell_treated_238,donor_1,single_treated,treated,batch_1,lane_2,-0.8211,,
cell_treated_239,donor_1,single_treated,treated,batch_1,lane_3,0.4265,,
cell_treated_240,donor_1,single_treated,treated,batch_1,lane_1,-0.9613,,
cell_treated_241,donor_1,single_treated,treated,batch_1,lane_2,0.1403,,
cell_treated_242,donor_1,single_treated,treated,batch_1,lane_3,0.5915,,
cell_treated_243,donor_1,single_treated,treated,batch_1,lane_1,0.7099,,
cell_treated_244,donor_1,single_treated,treated,batch_1,lane_2,-1.5718,,
cell_treated_245,donor_1,single_treated,treated,batch_1,lane_3,-0.0201,,
cell_treated_246,donor_1,single_treated,treated,batch_1,lane_1,-2.776,,
cell_treated_247,donor_1,single_treated,treated,batch_1,lane_2,-1.9833,,
cell_treated_248,donor_1,single_treated,treated,batch_1,lane_3,-2.8628,,
cell_treated_249,donor_1,single_treated,treated,batch_1,lane_1,0.169,,
cell_treated_250,donor_1,single_treated,treated,batch_1,lane_2,-2.1319,,
cell_treated_251,donor_1,single_treated,treated,batch_1,lane_3,-0.9128,,
cell_treated_252,donor_1,single_treated,treated,batch_1,lane_1,-1.0922,,
cell_treated_253,donor_1,single_treated,treated,batch_1,lane_2,-0.9286,,
cell_treated_254,donor_1,single_treated,treated,batch_1,lane_3,-1.4915,,
cell_treated_255,donor_1,single_treated,treated,batch_1,lane_1,-0.6663,,
cell_treated_256,donor_1,single_treated,treated,batch_1,lane_2,0.8913,,
cell_treated_257,donor_1,single_treated,treated,batch_1,lane_3,-0.8557,,
cell_treated_258,donor_1,single_treated,treated,batch_1,lane_1,-0.369,,
cell_treated_259,donor_1,single_treated,treated,batch_1,lane_2,0.1005,,
cell_treated_260,donor_1,single_treated,treated,batch_1,lane_3,-1.0979,,
cell_treated_261,donor_1,single_treated,treated,batch_1,lane_1,-2.1597,,
cell_treated_262,donor_1,single_treated,treated,batch_1,lane_2,-1.4554,,
cell_treated_263,donor_1,single_treated,treated,batch_1,lane_3,0.1736,,
cell_treated_264,donor_1,single_treated,treated,batch_1,lane_1,-2.5462,,
cell_treated_265,donor_1,single_treated,treated,batch_1,lane_2,-1.4978,,
cell_treated_266,donor_1,single_treated,treated,batch_1,lane_3,0.1074,,
cell_treated_267,donor_1,single_treated,treated,batch_1,lane_1,-0.1073,,
cell_treated_268,donor_1,single_treated,treated,batch_1,lane_2,-0.8924,,
cell_treated_269,donor_1,single_treated,treated,batch_1,lane_3,-0.0948,,
cell_treated_270,donor_1,single_treated,treated,batch_1,lane_1,-0.734,,
cell_treated_271,donor_1,single_treated,treated,batch_1,lane_2,-2.0789,,
cell_treated_272,donor_1,single_treated,treated,batch_1,lane_3,-2.4639,,
cell_treated_273,donor_1,single_treated,treated,batch_1,lane_1,-1.539,,
cell_treated_274,donor_1,single_treated,treated,batch_1,lane_2,0.0227,,
cell_treated_275,donor_1,single_treated,treated,batch_1,lane_3,-1.4655,,
cell_treated_276,donor_1,single_treated,treated,batch_1,lane_1,-1.8024,,
cell_treated_277,donor_1,single_treated,treated,batch_1,lane_2,-1.671,,
cell_treated_278,donor_1,single_treated,treated,batch_1,lane_3,-2.4318,,
cell_treated_279,donor_1,single_treated,treated,batch_1,lane_1,-1.0173,,
cell_treated_280,donor_1,single_treated,treated,batch_1,lane_2,-2.0796,,
cell_treated_281,donor_1,single_treated,treated,batch_1,lane_3,-0.5359,,
cell_treated_282,donor_1,single_treated,treated,batch_1,lane_1,-3.2601,,
cell_treated_283,donor_1,single_treated,treated,batch_1,lane_2,-0.5722,,
cell_treated_284,donor_1,single_treated,treated,batch_1,lane_3,-1.5416,,
cell_treated_285,donor_1,single_treated,treated,batch_1,lane_1,-2.8421,,
cell_treated_286,donor_1,single_treated,treated,batch_1,lane_2,-0.1753,,
cell_treated_287,donor_1,single_treated,treated,batch_1,lane_3,-1.1755,,
cell_treated_288,donor_1,single_treated,treated,batch_1,lane_1,-3.13,,
cell_treated_289,donor_1,single_treated,treated,batch_1,lane_2,-1.7751,,
cell_treated_290,donor_1,single_treated,treated,batch_1,lane_3,-0.609,,
cell_treated_291,donor_1,single_treated,treated,batch_1,lane_1,-1.3586,,
cell_treated_292,donor_1,single_treated,treated,batch_1,lane_2,-0.12,,
cell_treated_293,donor_1,single_treated,treated,batch_1,lane_3,-0.1524,,
cell_treated_294,donor_1,single_treated,treated,batch_1,lane_1,-0.2338,,
cell_treated_295,donor_1,single_treated,treated,batch_1,lane_2,-0.5734,,
cell_treated_296,donor_1,single_treated,treated,batch_1,lane_3,0.4337,,
cell_treated_297,donor_1,single_treated,treated,batch_1,lane_1,-0.2402,,
cell_treated_298,donor_1,single_treated,treated,batch_1,lane_2,-0.4488,,
cell_treated_299,donor_1,single_treated,treated,batch_1,lane_3,-2.984,,
cell_treated_300,donor_1,single_treated,treated,batch_1,lane_1,-0.0034,,
cell_treated_301,donor_1,single_treated,treated,batch_1,lane_2,0.4094,,
cell_treated_302,donor_1,single_treated,treated,batch_1,lane_3,-1.1969,,
cell_treated_303,donor_1,single_treated,treated,batch_1,lane_1,-1.3695,,
cell_treated_304,donor_1,single_treated,treated,batch_1,lane_2,1.0403,,
cell_treated_305,donor_1,single_treated,treated,batch_1,lane_3,-2.6581,,
cell_treated_306,donor_1,single_treated,treated,batch_1,lane_1,-0.4311,,
cell_treated_307,donor_1,single_treated,treated,batch_1,lane_2,1.5237,,
cell_treated_308,donor_1,single_treated,treated,batch_1,lane_3,-1.8276,,
cell_treated_309,donor_1,single_treated,treated,batch_1,lane_1,-0.2104,,
cell_treated_310,donor_1,single_treated,treated,batch_1,lane_2,0.9864,,
cell_treated_311,donor_1,single_treated,treated,batch_1,lane_3,-1.0202,,
cell_treated_312,donor_1,single_treated,treated,batch_1,lane_1,-0.3388,,
cell_treated_313,donor_1,single_treated,treated,batch_1,lane_2,0.0026,,
cell_treated_314,donor_1,single_treated,treated,batch_1,lane_3,-1.8058,,
cell_treated_315,donor_1,single_treated,treated,batch_1,lane_1,-0.9891,,
cell_treated_316,donor_1,single_treated,treated,batch_1,lane_2,-0.6072,,
cell_treated_317,donor_1,single_treated,treated,batch_1,lane_3,-0.0746,,
cell_treated_318,donor_1,single_treated,treated,batch_1,lane_1,-0.9345,,
cell_treated_319,donor_1,single_treated,treated,batch_1,lane_2,-1.0953,,
cell_treated_320,donor_1,single_treated,treated,batch_1,lane_3,-1.9161,,
cell_treated_321,donor_1,single_treated,treated,batch_1,lane_1,-1.259,,
cell_treated_322,donor_1,single_treated,treated,batch_1,lane_2,-0.0083,,
cell_treated_323,donor_1,single_treated,treated,batch_1,lane_3,-0.7983,,
cell_treated_324,donor_1,single_treated,treated,batch_1,lane_1,-1.753,,
cell_treated_325,donor_1,single_treated,treated,batch_1,lane_2,-1.7416,,
cell_treated_326,donor_1,single_treated,treated,batch_1,lane_3,1.7667,,
cell_treated_327,donor_1,single_treated,treated,batch_1,lane_1,0.2399,,
cell_treated_328,donor_1,single_treated,treated,batch_1,lane_2,-0.2626,,
cell_treated_329,donor_1,single_treated,treated,batch_1,lane_3,-3.4929,,
cell_treated_330,donor_1,single_treated,treated,batch_1,lane_1,-0.2785,,
cell_treated_331,donor_1,single_treated,treated,batch_1,lane_2,-0.4193,,
cell_treated_332,donor_1,single_treated,treated,batch_1,lane_3,0.7841,,
cell_treated_333,donor_1,single_treated,treated,batch_1,lane_1,-0.4722,,
cell_treated_334,donor_1,single_treated,treated,batch_1,lane_2,-0.9675,,
cell_treated_335,donor_1,single_treated,treated,batch_1,lane_3,-0.3776,,
cell_treated_336,donor_1,single_treated,treated,batch_1,lane_1,-2.8442,,
cell_treated_337,donor_1,single_treated,treated,batch_1,lane_2,0.1333,,
cell_treated_338,donor_1,single_treated,treated,batch_1,lane_3,-0.5751,,
cell_treated_339,donor_1,single_treated,treated,batch_1,lane_1,-1.6021,,
cell_treated_340,donor_1,single_treated,treated,batch_1,lane_2,0.4256,,
cell_treated_341,donor_1,single_treated,treated,batch_1,lane_3,0.9093,,
cell_treated_342,donor_1,single_treated,treated,batch_1,lane_1,-2.3024,,
cell_treated_343,donor_1,single_treated,treated,batch_1,lane_2,-1.5663,,
cell_treated_344,donor_1,single_treated,treated,batch_1,lane_3,-0.6087,,
cell_treated_345,donor_1,single_treated,treated,batch_1,lane_1,-0.7165,,
cell_treated_346,donor_1,single_treated,treated,batch_1,lane_2,-1.2985,,
cell_treated_347,donor_1,single_treated,treated,batch_1,lane_3,-1.8742,,
cell_treated_348,donor_1,single_treated,treated,batch_1,lane_1,1.2205,,
cell_treated_349,donor_1,single_treated,treated,batch_1,lane_2,0.1374,,
cell_treated_350,donor_1,single_treated,treated,batch_1,lane_3,-2.0942,,
cell_treated_351,donor_1,single_treated,treated,batch_1,lane_1,-2.245,,
cell_treated_352,donor_1,single_treated,treated,batch_1,lane_2,0.8031,,
cell_treated_353,donor_1,single_treated,treated,batch_1,lane_3,0.0891,,
cell_treated_354,donor_1,single_treated,treated,batch_1,lane_1,0.921,,
cell_treated_355,donor_1,single_treated,treated,batch_1,lane_2,-0.0899,,
cell_treated_356,donor_1,single_treated,treated,batch_1,lane_3,-1.7721,,
cell_treated_357,donor_1,single_treated,treated,batch_1,lane_1,-0.6393,,
cell_treated_358,donor_1,single_treated,treated,batch_1,lane_2,-3.0601,,
cell_treated_359,donor_1,single_treated,treated,batch_1,lane_3,-1.6481,,
cell_treated_360,donor_1,single_treated,treated,batch_1,lane_1,-0.9589,,
cell_treated_361,donor_1,single_treated,treated,batch_1,lane_2,-0.3772,,
cell_treated_362,donor_1,single_treated,treated,batch_1,lane_3,-1.6276,,
cell_treated_363,donor_1,single_treated,treated,batch_1,lane_1,-1.0242,,
cell_treated_364,donor_1,single_treated,treated,batch_1,lane_2,-0.4415,,
cell_treated_365,donor_1,single_treated,treated,batch_1,lane_3,-0.5233,,
cell_treated_366,donor_1,single_treated,treated,batch_1,lane_1,-0.262,,
cell_treated_367,donor_1,single_treated,treated,batch_1,lane_2,-0.691,,
cell_treated_368,donor_1,single_treated,treated,batch_1,lane_3,-1.2239,,
cell_treated_369,donor_1,single_treated,treated,batch_1,lane_1,-0.1108,,
cell_treated_370,donor_1,single_treated,treated,batch_1,lane_2,-0.8506,,
cell_treated_371,donor_1,single_treated,treated,batch_1,lane_3,-1.7261,,
cell_treated_372,donor_1,single_treated,treated,batch_1,lane_1,-1.5259,,
cell_treated_373,donor_1,single_treated,treated,batch_1,lane_2,-0.9003,,
cell_treated_374,donor_1,single_treated,treated,batch_1,lane_3,-1.0096,,
cell_treated_375,donor_1,single_treated,treated,batch_1,lane_1,-0.743,,
cell_treated_376,donor_1,single_treated,treated,batch_1,lane_2,-0.9005,,
cell_treated_377,donor_1,single_treated,treated,batch_1,lane_3,-0.7241,,
cell_treated_378,donor_1,single_treated,treated,batch_1,lane_1,-1.0343,,
cell_treated_379,donor_1,single_treated,treated,batch_1,lane_2,-2.1584,,
cell_treated_380,donor_1,single_treated,treated,batch_1,lane_3,-0.4786,,
cell_treated_381,donor_1,single_treated,treated,batch_1,lane_1,0.1537,,
cell_treated_382,donor_1,single_treated,treated,batch_1,lane_2,-0.4654,,
cell_treated_383,donor_1,single_treated,treated,batch_1,lane_3,-1.0892,,
cell_treated_384,donor_1,single_treated,treated,batch_1,lane_1,-0.4536,,
cell_treated_385,donor_1,single_treated,treated,batch_1,lane_2,-1.8657,,
cell_treated_386,donor_1,single_treated,treated,batch_1,lane_3,-2.7962,,
cell_treated_387,donor_1,single_treated,treated,batch_1,lane_1,-0.8404,,
cell_treated_388,donor_1,single_treated,treated,batch_1,lane_2,-1.8305,,
cell_treated_389,donor_1,single_treated,treated,batch_1,lane_3,-0.1601,,
cell_treated_390,donor_1,single_treated,treated,batch_1,lane_1,-1.9841,,
cell_treated_391,donor_1,single_treated,treated,batch_1,lane_2,-3.5285,,
cell_treated_392,donor_1,single_treated,treated,batch_1,lane_3,-1.9395,,
cell_treated_393,donor_1,single_treated,treated,batch_1,lane_1,0.6781,,
cell_treated_394,donor_1,single_treated,treated,batch_1,lane_2,-1.2818,,
cell_treated_395,donor_1,single_treated,treated,batch_1,lane_3,-2.2694,,
cell_treated_396,donor_1,single_treated,treated,batch_1,lane_1,-1.6634,,
cell_treated_397,donor_1,single_treated,treated,batch_1,lane_2,-0.3791,,
cell_treated_398,donor_1,single_treated,treated,batch_1,lane_3,-0.4031,,
cell_treated_399,donor_1,single_treated,treated,batch_1,lane_1,-0.7233,,
cell_treated_400,donor_1,single_treated,treated,batch_1,lane_2,0.5839,,
cell_treated_401,donor_1,single_treated,treated,batch_1,lane_3,-0.1935,,
cell_treated_402,donor_1,single_treated,treated,batch_1,lane_1,-0.921,,
cell_treated_403,donor_1,single_treated,treated,batch_1,lane_2,-0.3033,,
cell_treated_404,donor_1,single_treated,treated,batch_1,lane_3,0.7546,,
cell_treated_405,donor_1,single_treated,treated,batch_1,lane_1,0.0713,,
cell_treated_406,donor_1,single_treated,treated,batch_1,lane_2,0.1238,,
cell_treated_407,donor_1,single_treated,treated,batch_1,lane_3,-1.9828,,
cell_treated_408,donor_1,single_treated,treated,batch_1,lane_1,-1.0484,,
cell_treated_409,donor_1,single_treated,treated,batch_1,lane_2,-0.1702,,
cell_treated_410,donor_1,single_treated,treated,batch_1,lane_3,-1.1964,,
cell_treated_411,donor_1,single_treated,treated,batch_1,lane_1,0.1689,,
cell_treated_412,donor_1,single_treated,treated,batch_1,lane_2,-0.3037,,
cell_treated_413,donor_1,single_treated,treated,batch_1,lane_3,0.0083,,
cell_treated_414,donor_1,single_treated,treated,batch_1,lane_1,-1.1124,,
cell_treated_415,donor_1,single_treated,treated,batch_1,lane_2,1.6464,,
cell_treated_416,donor_1,single_treated,treated,batch_1,lane_3,0.34,,
cell_treated_417,donor_1,single_treated,treated,batch_1,lane_1,-1.1154,,
cell_treated_418,donor_1,single_treated,treated,batch_1,lane_2,-0.8094,,
cell_treated_419,donor_1,single_treated,treated,batch_1,lane_3,1.6952,,
cell_treated_420,donor_1,single_treated,treated,batch_1,lane_1,-1.2432,,
cell_treated_421,donor_1,single_treated,treated,batch_1,lane_2,-0.0259,,
cell_treated_422,donor_1,single_treated,treated,batch_1,lane_3,0.0805,,
cell_treated_423,donor_1,single_treated,treated,batch_1,lane_1,-0.8934,,
cell_treated_424,donor_1,single_treated,treated,batch_1,lane_2,-2.0671,,
cell_treated_425,donor_1,single_treated,treated,batch_1,lane_3,-0.7125,,
cell_treated_426,donor_1,single_treated,treated,batch_1,lane_1,-0.5406,,
cell_treated_427,donor_1,single_treated,treated,batch_1,lane_2,0.2297,,
cell_treated_428,donor_1,single_treated,treated,batch_1,lane_3,-0.1171,,
cell_treated_429,donor_1,single_treated,treated,batch_1,lane_1,-0.8756,,
cell_treated_430,donor_1,single_treated,treated,batch_1,lane_2,-0.0464,,
cell_treated_431,donor_1,single_treated,treated,batch_1,lane_3,-0.3602,,
cell_treated_432,donor_1,single_treated,treated,batch_1,lane_1,-0.694,,
cell_treated_433,donor_1,single_treated,treated,batch_1,lane_2,-0.8448,,
cell_treated_434,donor_1,single_treated,treated,batch_1,lane_3,-1.1434,,
cell_treated_435,donor_1,single_treated,treated,batch_1,lane_1,-0.2138,,
cell_treated_436,donor_1,single_treated,treated,batch_1,lane_2,-1.9542,,
cell_treated_437,donor_1,single_treated,treated,batch_1,lane_3,-1.5287,,
cell_treated_438,donor_1,single_treated,treated,batch_1,lane_1,-0.895,,
cell_treated_439,donor_1,single_treated,treated,batch_1,lane_2,-2.364,,
cell_treated_440,donor_1,single_treated,treated,batch_1,lane_3,-1.3359,,
cell_treated_441,donor_1,single_treated,treated,batch_1,lane_1,-2.9088,,
cell_treated_442,donor_1,single_treated,treated,batch_1,lane_2,-1.5829,,
cell_treated_443,donor_1,single_treated,treated,batch_1,lane_3,-0.3316,,
cell_treated_444,donor_1,single_treated,treated,batch_1,lane_1,-0.3336,,
cell_treated_445,donor_1,single_treated,treated,batch_1,lane_2,-0.9545,,
cell_treated_446,donor_1,single_treated,treated,batch_1,lane_3,-1.1321,,
cell_treated_447,donor_1,single_treated,treated,batch_1,lane_1,-2.3168,,
cell_treated_448,donor_1,single_treated,treated,batch_1,lane_2,0.9278,,
cell_treated_449,donor_1,single_treated,treated,batch_1,lane_3,-0.384,,
cell_treated_450,donor_1,single_treated,treated,batch_1,lane_1,0.1935,,
cell_treated_451,donor_1,single_treated,treated,batch_1,lane_2,-1.7823,,
cell_treated_452,donor_1,single_treated,treated,batch_1,lane_3,-1.0852,,
cell_treated_453,donor_1,single_treated,treated,batch_1,lane_1,-2.7195,,
cell_treated_454,donor_1,single_treated,treated,batch_1,lane_2,-0.1195,,
cell_treated_455,donor_1,single_treated,treated,batch_1,lane_3,0.0351,,
cell_treated_456,donor_1,single_treated,treated,batch_1,lane_1,-2.7974,,
cell_treated_457,donor_1,single_treated,treated,batch_1,lane_2,-0.9521,,
cell_treated_458,donor_1,single_treated,treated,batch_1,lane_3,-0.2697,,
cell_treated_459,donor_1,single_treated,treated,batch_1,lane_1,-2.662,,
cell_treated_460,donor_1,single_treated,treated,batch_1,lane_2,-2.7254,,
cell_treated_461,donor_1,single_treated,treated,batch_1,lane_3,-1.9651,,
cell_treated_462,donor_1,single_treated,treated,batch_1,lane_1,-1.5292,,
cell_treated_463,donor_1,single_treated,treated,batch_1,lane_2,-2.3029,,
cell_treated_464,donor_1,single_treated,treated,batch_1,lane_3,-0.8684,,
cell_treated_465,donor_1,single_treated,treated,batch_1,lane_1,-0.6504,,
cell_treated_466,donor_1,single_treated,treated,batch_1,lane_2,-0.266,,
cell_treated_467,donor_1,single_treated,treated,batch_1,lane_3,-0.198,,
cell_treated_468,donor_1,single_treated,treated,batch_1,lane_1,0.6027,,
cell_treated_469,donor_1,single_treated,treated,batch_1,lane_2,0.2643,,
cell_treated_470,donor_1,single_treated,treated,batch_1,lane_3,-2.2119,,
cell_treated_471,donor_1,single_treated,treated,batch_1,lane_1,-1.4054,,
cell_treated_472,donor_1,single_treated,treated,batch_1,lane_2,-1.9602,,
cell_treated_473,donor_1,single_treated,treated,batch_1,lane_3,-1.9766,,
cell_treated_474,donor_1,single_treated,treated,batch_1,lane_1,-0.9813,,
cell_treated_475,donor_1,single_treated,treated,batch_1,lane_2,-0.8945,,
cell_treated_476,donor_1,single_treated,treated,batch_1,lane_3,-0.4096,,
cell_treated_477,donor_1,single_treated,treated,batch_1,lane_1,-2.4869,,
cell_treated_478,donor_1,single_treated,treated,batch_1,lane_2,-2.1376,,
cell_treated_479,donor_1,single_treated,treated,batch_1,lane_3,-0.9231,,
cell_treated_480,donor_1,single_treated,treated,batch_1,lane_1,-1.0995,,
cell_treated_481,donor_1,single_treated,treated,batch_1,lane_2,-1.2113,,
cell_treated_482,donor_1,single_treated,treated,batch_1,lane_3,-0.9632,,
cell_treated_483,donor_1,single_treated,treated,batch_1,lane_1,-1.6598,,
cell_treated_484,donor_1,single_treated,treated,batch_1,lane_2,-0.1987,,
cell_treated_485,donor_1,single_treated,treated,batch_1,lane_3,-0.5457,,
cell_treated_486,donor_1,single_treated,treated,batch_1,lane_1,-0.9878,,
cell_treated_487,donor_1,single_treated,treated,batch_1,lane_2,-1.5721,,
cell_treated_488,donor_1,single_treated,treated,batch_1,lane_3,-1.0742,,
cell_treated_489,donor_1,single_treated,treated,batch_1,lane_1,-3.6216,,
cell_treated_490,donor_1,single_treated,treated,batch_1,lane_2,-1.8813,,
cell_treated_491,donor_1,single_treated,treated,batch_1,lane_3,-0.8627,,
cell_treated_492,donor_1,single_treated,treated,batch_1,lane_1,-2.4041,,
cell_treated_493,donor_1,single_treated,treated,batch_1,lane_2,-0.7005,,
cell_treated_494,donor_1,single_treated,treated,batch_1,lane_3,-0.7526,,
cell_treated_495,donor_1,single_treated,treated,batch_1,lane_1,-2.2775,,
cell_treated_496,donor_1,single_treated,treated,batch_1,lane_2,-1.1506,,
cell_treated_497,donor_1,single_treated,treated,batch_1,lane_3,-1.2138,,
cell_treated_498,donor_1,single_treated,treated,batch_1,lane_1,-0.4401,,
cell_treated_499,donor_1,single_treated,treated,batch_1,lane_2,-0.2881,,
cell_treated_500,donor_1,single_treated,treated,batch_1,lane_3,-0.9363,,
cell_treated_501,donor_1,single_treated,treated,batch_1,lane_1,-1.7513,,
cell_treated_502,donor_1,single_treated,treated,batch_1,lane_2,-1.0443,,
cell_treated_503,donor_1,single_treated,treated,batch_1,lane_3,-0.9654,,
cell_treated_504,donor_1,single_treated,treated,batch_1,lane_1,-0.1655,,
cell_treated_505,donor_1,single_treated,treated,batch_1,lane_2,-0.6057,,
cell_treated_506,donor_1,single_treated,treated,batch_1,lane_3,-1.6226,,
cell_treated_507,donor_1,single_treated,treated,batch_1,lane_1,-2.2544,,
cell_treated_508,donor_1,single_treated,treated,batch_1,lane_2,-1.2731,,
cell_treated_509,donor_1,single_treated,treated,batch_1,lane_3,-1.6404,,
cell_treated_510,donor_1,single_treated,treated,batch_1,lane_1,-2.0119,,
cell_treated_511,donor_1,single_treated,treated,batch_1,lane_2,-1.0159,,
cell_treated_512,donor_1,single_treated,treated,batch_1,lane_3,-1.3911,,
cell_treated_513,donor_1,single_treated,treated,batch_1,lane_1,-0.7946,,
cell_treated_514,donor_1,single_treated,treated,batch_1,lane_2,-0.3767,,
cell_treated_515,donor_1,single_treated,treated,batch_1,lane_3,-1.313,,
cell_treated_516,donor_1,single_treated,treated,batch_1,lane_1,1.4243,,
cell_treated_517,donor_1,single_treated,treated,batch_1,lane_2,-1.2215,,
cell_treated_518,donor_1,single_treated,treated,batch_1,lane_3,0.2017,,
cell_treated_519,donor_1,single_treated,treated,batch_1,lane_1,-0.7783,,
cell_treated_520,donor_1,single_treated,treated,batch_1,lane_2,0.2162,,
cell_treated_521,donor_1,single_treated,treated,batch_1,lane_3,-3.2759,,
cell_treated_522,donor_1,single_treated,treated,batch_1,lane_1,-1.6515,,
cell_treated_523,donor_1,single_treated,treated,batch_1,lane_2,-0.653,,
cell_treated_524,donor_1,single_treated,treated,batch_1,lane_3,-0.2975,,
cell_treated_525,donor_1,single_treated,treated,batch_1,lane_1,1.4365,,
cell_treated_526,donor_1,single_treated,treated,batch_1,lane_2,-0.5775,,
cell_treated_527,donor_1,single_treated,treated,batch_1,lane_3,0.3798,,
cell_treated_528,donor_1,single_treated,treated,batch_1,lane_1,-0.1336,,
cell_treated_529,donor_1,single_treated,treated,batch_1,lane_2,0.0474,,
cell_treated_530,donor_1,single_treated,treated,batch_1,lane_3,-0.3899,,
cell_treated_531,donor_1,single_treated,treated,batch_1,lane_1,-1.0561,,
cell_treated_532,donor_1,single_treated,treated,batch_1,lane_2,-0.3909,,
cell_treated_533,donor_1,single_treated,treated,batch_1,lane_3,-1.9781,,
cell_treated_534,donor_1,single_treated,treated,batch_1,lane_1,0.2814,,
cell_treated_535,donor_1,single_treated,treated,batch_1,lane_2,-1.9172,,
cell_treated_536,donor_1,single_treated,treated,batch_1,lane_3,-0.6508,,
cell_treated_537,donor_1,single_treated,treated,batch_1,lane_1,1.2208,,
cell_treated_538,donor_1,single_treated,treated,batch_1,lane_2,-1.1234,,
cell_treated_539,donor_1,single_treated,treated,batch_1,lane_3,-0.8805,,
cell_treated_540,donor_1,single_treated,treated,batch_1,lane_1,0.263,,
cell_treated_541,donor_1,single_treated,treated,batch_1,lane_2,-0.8738,,
cell_treated_542,donor_1,single_treated,treated,batch_1,lane_3,-1.7076,,
cell_treated_543,donor_1,single_treated,treated,batch_1,lane_1,-0.6418,,
cell_treated_544,donor_1,single_treated,treated,batch_1,lane_2,-0.3179,,
cell_treated_545,donor_1,single_treated,treated,batch_1,lane_3,-0.1899,,
cell_treated_546,donor_1,single_treated,treated,batch_1,lane_1,-1.6725,,
cell_treated_547,donor_1,single_treated,treated,batch_1,lane_2,0.8525,,
cell_treated_548,donor_1,single_treated,treated,batch_1,lane_3,0.7668,,
cell_treated_549,donor_1,single_treated,treated,batch_1,lane_1,-0.8818,,
cell_treated_550,donor_1,single_treated,treated,batch_1,lane_2,-0.6314,,
cell_treated_551,donor_1,single_treated,treated,batch_1,lane_3,-1.3285,,
cell_treated_552,donor_1,single_treated,treated,batch_1,lane_1,0.5141,,
cell_treated_553,donor_1,single_treated,treated,batch_1,lane_2,-1.6049,,
cell_treated_554,donor_1,single_treated,treated,batch_1,lane_3,-0.2259,,
cell_treated_555,donor_1,single_treated,treated,batch_1,lane_1,-1.3797,,
cell_treated_556,donor_1,single_treated,treated,batch_1,lane_2,-1.594,,
cell_treated_557,donor_1,single_treated,treated,batch_1,lane_3,-0.1813,,
cell_treated_558,donor_1,single_treated,treated,batch_1,lane_1,0.4338,,
cell_treated_559,donor_1,single_treated,treated,batch_1,lane_2,-0.9101,,
cell_treated_560,donor_1,single_treated,treated,batch_1,lane_3,-1.5774,,
cell_treated_561,donor_1,single_treated,treated,batch_1,lane_1,-0.0885,,
cell_treated_562,donor_1,single_treated,treated,batch_1,lane_2,-0.9495,,
cell_treated_563,donor_1,single_treated,treated,batch_1,lane_3,-0.5894,,
cell_treated_564,donor_1,single_treated,treated,batch_1,lane_1,0.6229,,
cell_treated_565,donor_1,single_treated,treated,batch_1,lane_2,0.2316,,
cell_treated_566,donor_1,single_treated,treated,batch_1,lane_3,-1.4198,,
cell_treated_567,donor_1,single_treated,treated,batch_1,lane_1,1.3836,,
cell_treated_568,donor_1,single_treated,treated,batch_1,lane_2,-0.8967,,
cell_treated_569,donor_1,single_treated,treated,batch_1,lane_3,-0.114,,
cell_treated_570,donor_1,single_treated,treated,batch_1,lane_1,-1.5474,,
cell_treated_571,donor_1,single_treated,treated,batch_1,lane_2,-0.9447,,
cell_treated_572,donor_1,single_treated,treated,batch_1,lane_3,-2.65,,
cell_treated_573,donor_1,single_treated,treated,batch_1,lane_1,0.8867,,
cell_treated_574,donor_1,single_treated,treated,batch_1,lane_2,0.4657,,
cell_treated_575,donor_1,single_treated,treated,batch_1,lane_3,-2.1153,,
cell_treated_576,donor_1,single_treated,treated,batch_1,lane_1,-2.4052,,
cell_treated_577,donor_1,single_treated,treated,batch_1,lane_2,-2.5211,,
cell_treated_578,donor_1,single_treated,treated,batch_1,lane_3,0.2758,,
cell_treated_579,donor_1,single_treated,treated,batch_1,lane_1,-1.3595,,
cell_treated_580,donor_1,single_treated,treated,batch_1,lane_2,-0.9605,,
cell_treated_581,donor_1,single_treated,treated,batch_1,lane_3,-1.2128,,
cell_treated_582,donor_1,single_treated,treated,batch_1,lane_1,-1.0212,,
cell_treated_583,donor_1,single_treated,treated,batch_1,lane_2,-1.9882,,
cell_treated_584,donor_1,single_treated,treated,batch_1,lane_3,-0.8759,,
cell_treated_585,donor_1,single_treated,treated,batch_1,lane_1,-2.338,,
cell_treated_586,donor_1,single_treated,treated,batch_1,lane_2,-0.9715,,
cell_treated_587,donor_1,single_treated,treated,batch_1,lane_3,-0.5913,,
cell_treated_588,donor_1,single_treated,treated,batch_1,lane_1,-0.4324,,
cell_treated_589,donor_1,single_treated,treated,batch_1,lane_2,-1.1317,,
cell_treated_590,donor_1,single_treated,treated,batch_1,lane_3,-1.8037,,
cell_treated_591,donor_1,single_treated,treated,batch_1,lane_1,-0.7404,,
cell_treated_592,donor_1,single_treated,treated,batch_1,lane_2,-1.3846,,
cell_treated_593,donor_1,single_treated,treated,batch_1,lane_3,0.6658,,
cell_treated_594,donor_1,single_treated,treated,batch_1,lane_1,-0.1323,,
cell_treated_595,donor_1,single_treated,treated,batch_1,lane_2,-1.0152,,
cell_treated_596,donor_1,single_treated,treated,batch_1,lane_3,-1.3711,,
cell_treated_597,donor_1,single_treated,treated,batch_1,lane_1,-1.6027,,
cell_treated_598,donor_1,single_treated,treated,batch_1,lane_2,-1.8372,,
cell_treated_599,donor_1,single_treated,treated,batch_1,lane_3,-1.2529,,
cell_treated_600,donor_1,single_treated,treated,batch_1,lane_1,-0.6052,,
cell_treated_601,donor_1,single_treated,treated,batch_1,lane_2,-0.3845,,
cell_treated_602,donor_1,single_treated,treated,batch_1,lane_3,-0.3311,,
cell_treated_603,donor_1,single_treated,treated,batch_1,lane_1,1.1987,,
cell_treated_604,donor_1,single_treated,treated,batch_1,lane_2,-1.6049,,
cell_treated_605,donor_1,single_treated,treated,batch_1,lane_3,-0.887,,
cell_treated_606,donor_1,single_treated,treated,batch_1,lane_1,1.8946,,
cell_treated_607,donor_1,single_treated,treated,batch_1,lane_2,-2.7671,,
cell_treated_608,donor_1,single_treated,treated,batch_1,lane_3,-1.4215,,
cell_treated_609,donor_1,single_treated,treated,batch_1,lane_1,-0.7304,,
cell_treated_610,donor_1,single_treated,treated,batch_1,lane_2,-0.7456,,
cell_treated_611,donor_1,single_treated,treated,batch_1,lane_3,-0.4921,,
cell_treated_612,donor_1,single_treated,treated,batch_1,lane_1,-1.1387,,
cell_treated_613,donor_1,single_treated,treated,batch_1,lane_2,-0.5339,,
cell_treated_614,donor_1,single_treated,treated,batch_1,lane_3,-0.8472,,
cell_treated_615,donor_1,single_treated,treated,batch_1,lane_1,-0.1286,,
cell_treated_616,donor_1,single_treated,treated,batch_1,lane_2,-2.7926,,
cell_treated_617,donor_1,single_treated,treated,batch_1,lane_3,-1.785,,
cell_treated_618,donor_1,single_treated,treated,batch_1,lane_1,-0.9022,,
cell_treated_619,donor_1,single_treated,treated,batch_1,lane_2,-1.9318,,
cell_treated_620,donor_1,single_treated,treated,batch_1,lane_3,-1.9447,,
cell_treated_621,donor_1,single_treated,treated,batch_1,lane_1,-0.2723,,
cell_treated_622,donor_1,single_treated,treated,batch_1,lane_2,-1.55,,
cell_treated_623,donor_1,single_treated,treated,batch_1,lane_3,-0.2651,,
cell_treated_624,donor_1,single_treated,treated,batch_1,lane_1,-0.1542,,
cell_treated_625,donor_1,single_treated,treated,batch_1,lane_2,-0.5935,,
cell_treated_626,donor_1,single_treated,treated,batch_1,lane_3,-0.3919,,
cell_treated_627,donor_1,single_treated,treated,batch_1,lane_1,-1.0046,,
cell_treated_628,donor_1,single_treated,treated,batch_1,lane_2,-2.3091,,
cell_treated_629,donor_1,single_treated,treated,batch_1,lane_3,-0.9301,,
cell_treated_630,donor_1,single_treated,treated,batch_1,lane_1,-0.4458,,
cell_treated_631,donor_1,single_treated,treated,batch_1,lane_2,-1.4294,,
cell_treated_632,donor_1,single_treated,treated,batch_1,lane_3,-0.9995,,
cell_treated_633,donor_1,single_treated,treated,batch_1,lane_1,-0.1508,,
cell_treated_634,donor_1,single_treated,treated,batch_1,lane_2,-1.7781,,
cell_treated_635,donor_1,single_treated,treated,batch_1,lane_3,-0.26,,
cell_treated_636,donor_1,single_treated,treated,batch_1,lane_1,0.9626,,
cell_treated_637,donor_1,single_treated,treated,batch_1,lane_2,-1.4546,,
cell_treated_638,donor_1,single_treated,treated,batch_1,lane_3,-0.7535,,
cell_treated_639,donor_1,single_treated,treated,batch_1,lane_1,-1.0505,,
cell_treated_640,donor_1,single_treated,treated,batch_1,lane_2,0.6402,,
cell_treated_641,donor_1,single_treated,treated,batch_1,lane_3,-0.5836,,
cell_treated_642,donor_1,single_treated,treated,batch_1,lane_1,-0.0023,,
cell_treated_643,donor_1,single_treated,treated,batch_1,lane_2,-1.5901,,
cell_treated_644,donor_1,single_treated,treated,batch_1,lane_3,-0.9161,,
cell_treated_645,donor_1,single_treated,treated,batch_1,lane_1,-0.9098,,
cell_treated_646,donor_1,single_treated,treated,batch_1,lane_2,-2.6759,,
cell_treated_647,donor_1,single_treated,treated,batch_1,lane_3,0.5408,,
cell_treated_648,donor_1,single_treated,treated,batch_1,lane_1,-0.0006,,
cell_treated_649,donor_1,single_treated,treated,batch_1,lane_2,-2.6491,,
cell_treated_650,donor_1,single_treated,treated,batch_1,lane_3,-0.1556,,
cell_treated_651,donor_1,single_treated,treated,batch_1,lane_1,-1.0312,,
cell_treated_652,donor_1,single_treated,treated,batch_1,lane_2,-0.4516,,
cell_treated_653,donor_1,single_treated,treated,batch_1,lane_3,-0.5335,,
cell_treated_654,donor_1,single_treated,treated,batch_1,lane_1,-2.399,,
cell_treated_655,donor_1,single_treated,treated,batch_1,lane_2,-1.112,,
cell_treated_656,donor_1,single_treated,treated,batch_1,lane_3,0.5926,,
cell_treated_657,donor_1,single_treated,treated,batch_1,lane_1,-1.4749,,
cell_treated_658,donor_1,single_treated,treated,batch_1,lane_2,-1.9228,,
cell_treated_659,donor_1,single_treated,treated,batch_1,lane_3,-2.2596,,
cell_treated_660,donor_1,single_treated,treated,batch_1,lane_1,-2.1211,,
cell_treated_661,donor_1,single_treated,treated,batch_1,lane_2,-0.5645,,
cell_treated_662,donor_1,single_treated,treated,batch_1,lane_3,0.7926,,
cell_treated_663,donor_1,single_treated,treated,batch_1,lane_1,-0.4706,,
cell_treated_664,donor_1,single_treated,treated,batch_1,lane_2,-0.6545,,
cell_treated_665,donor_1,single_treated,treated,batch_1,lane_3,1.3336,,
cell_treated_666,donor_1,single_treated,treated,batch_1,lane_1,-1.4194,,
cell_treated_667,donor_1,single_treated,treated,batch_1,lane_2,-1.5741,,
cell_treated_668,donor_1,single_treated,treated,batch_1,lane_3,-0.3715,,
cell_treated_669,donor_1,single_treated,treated,batch_1,lane_1,-0.3515,,
cell_treated_670,donor_1,single_treated,treated,batch_1,lane_2,-1.9147,,
cell_treated_671,donor_1,single_treated,treated,batch_1,lane_3,-2.07,,
cell_treated_672,donor_1,single_treated,treated,batch_1,lane_1,-0.609,,
cell_treated_673,donor_1,single_treated,treated,batch_1,lane_2,-0.6526,,
cell_treated_674,donor_1,single_treated,treated,batch_1,lane_3,-2.2069,,
cell_treated_675,donor_1,single_treated,treated,batch_1,lane_1,-1.1022,,
cell_treated_676,donor_1,single_treated,treated,batch_1,lane_2,-1.4427,,
cell_treated_677,donor_1,single_treated,treated,batch_1,lane_3,-0.4399,,
cell_treated_678,donor_1,single_treated,treated,batch_1,lane_1,-1.0168,,
cell_treated_679,donor_1,single_treated,treated,batch_1,lane_2,-0.986,,
cell_treated_680,donor_1,single_treated,treated,batch_1,lane_3,-1.2535,,
cell_treated_681,donor_1,single_treated,treated,batch_1,lane_1,0.1536,,
cell_treated_682,donor_1,single_treated,treated,batch_1,lane_2,0.4908,,
cell_treated_683,donor_1,single_treated,treated,batch_1,lane_3,-1.267,,
cell_treated_684,donor_1,single_treated,treated,batch_1,lane_1,-0.0539,,
cell_treated_685,donor_1,single_treated,treated,batch_1,lane_2,-1.6576,,
cell_treated_686,donor_1,single_treated,treated,batch_1,lane_3,-0.828,,
cell_treated_687,donor_1,single_treated,treated,batch_1,lane_1,-0.1501,,
cell_treated_688,donor_1,single_treated,treated,batch_1,lane_2,0.6142,,
cell_treated_689,donor_1,single_treated,treated,batch_1,lane_3,-1.2826,,
cell_treated_690,donor_1,single_treated,treated,batch_1,lane_1,-0.9741,,
cell_treated_691,donor_1,single_treated,treated,batch_1,lane_2,-0.7036,,
cell_treated_692,donor_1,single_treated,treated,batch_1,lane_3,-2.3981,,
cell_treated_693,donor_1,single_treated,treated,batch_1,lane_1,-0.8841,,
cell_treated_694,donor_1,single_treated,treated,batch_1,lane_2,-1.5759,,
cell_treated_695,donor_1,single_treated,treated,batch_1,lane_3,-0.5285,,
cell_treated_696,donor_1,single_treated,treated,batch_1,lane_1,-2.03,,
cell_treated_697,donor_1,single_treated,treated,batch_1,lane_2,-2.8769,,
cell_treated_698,donor_1,single_treated,treated,batch_1,lane_3,-0.8617,,
cell_treated_699,donor_1,single_treated,treated,batch_1,lane_1,-0.6394,,
cell_treated_700,donor_1,single_treated,treated,batch_1,lane_2,-1.4489,,
cell_treated_701,donor_1,single_treated,treated,batch_1,lane_3,-0.0112,,
cell_treated_702,donor_1,single_treated,treated,batch_1,lane_1,-1.1732,,
cell_treated_703,donor_1,single_treated,treated,batch_1,lane_2,-1.5057,,
cell_treated_704,donor_1,single_treated,treated,batch_1,lane_3,-0.4223,,
cell_treated_705,donor_1,single_treated,treated,batch_1,lane_1,-2.4682,,
cell_treated_706,donor_1,single_treated,treated,batch_1,lane_2,-1.5775,,
cell_treated_707,donor_1,single_treated,treated,batch_1,lane_3,-0.9208,,
cell_treated_708,donor_1,single_treated,treated,batch_1,lane_1,-0.0511,,
cell_treated_709,donor_1,single_treated,treated,batch_1,lane_2,-1.0627,,
cell_treated_710,donor_1,single_treated,treated,batch_1,lane_3,-0.5915,,
cell_treated_711,donor_1,single_treated,treated,batch_1,lane_1,-1.5555,,
cell_treated_712,donor_1,single_treated,treated,batch_1,lane_2,-0.5983,,
cell_treated_713,donor_1,single_treated,treated,batch_1,lane_3,0.7635,,
cell_treated_714,donor_1,single_treated,treated,batch_1,lane_1,-1.5864,,
cell_treated_715,donor_1,single_treated,treated,batch_1,lane_2,1.4662,,
cell_treated_716,donor_1,single_treated,treated,batch_1,lane_3,-1.5438,,
cell_treated_717,donor_1,single_treated,treated,batch_1,lane_1,-0.8829,,
cell_treated_718,donor_1,single_treated,treated,batch_1,lane_2,-0.7267,,
cell_treated_719,donor_1,single_treated,treated,batch_1,lane_3,0.1243,,
cell_treated_720,donor_1,single_treated,treated,batch_1,lane_1,-2.137,,
cell_treated_721,donor_1,single_treated,treated,batch_1,lane_2,-3.0005,,
cell_treated_722,donor_1,single_treated,treated,batch_1,lane_3,-0.294,,
cell_treated_723,donor_1,single_treated,treated,batch_1,lane_1,-0.1046,,
cell_treated_724,donor_1,single_treated,treated,batch_1,lane_2,-0.2763,,
cell_treated_725,donor_1,single_treated,treated,batch_1,lane_3,1.7305,,
cell_treated_726,donor_1,single_treated,treated,batch_1,lane_1,-0.695,,
cell_treated_727,donor_1,single_treated,treated,batch_1,lane_2,-0.6461,,
cell_treated_728,donor_1,single_treated,treated,batch_1,lane_3,0.0292,,
cell_treated_729,donor_1,single_treated,treated,batch_1,lane_1,-0.5312,,
cell_treated_730,donor_1,single_treated,treated,batch_1,lane_2,0.7637,,
cell_treated_731,donor_1,single_treated,treated,batch_1,lane_3,-2.1383,,
cell_treated_732,donor_1,single_treated,treated,batch_1,lane_1,-1.2754,,
cell_treated_733,donor_1,single_treated,treated,batch_1,lane_2,-4.3447,,
cell_treated_734,donor_1,single_treated,treated,batch_1,lane_3,-0.0876,,
cell_treated_735,donor_1,single_treated,treated,batch_1,lane_1,-1.2724,,
cell_treated_736,donor_1,single_treated,treated,batch_1,lane_2,0.024,,
cell_treated_737,donor_1,single_treated,treated,batch_1,lane_3,1.2541,,
cell_treated_738,donor_1,single_treated,treated,batch_1,lane_1,-0.9059,,
cell_treated_739,donor_1,single_treated,treated,batch_1,lane_2,-1.1545,,
cell_treated_740,donor_1,single_treated,treated,batch_1,lane_3,-1.3996,,
cell_treated_741,donor_1,single_treated,treated,batch_1,lane_1,-1.7379,,
cell_treated_742,donor_1,single_treated,treated,batch_1,lane_2,-1.5304,,
cell_treated_743,donor_1,single_treated,treated,batch_1,lane_3,-0.2607,,
cell_treated_744,donor_1,single_treated,treated,batch_1,lane_1,-0.8632,,
cell_treated_745,donor_1,single_treated,treated,batch_1,lane_2,-0.8337,,
cell_treated_746,donor_1,single_treated,treated,batch_1,lane_3,-1.0733,,
cell_treated_747,donor_1,single_treated,treated,batch_1,lane_1,0.0144,,
cell_treated_748,donor_1,single_treated,treated,batch_1,lane_2,-0.406,,
cell_treated_749,donor_1,single_treated,treated,batch_1,lane_3,-1.0418,,
cell_treated_750,donor_1,single_treated,treated,batch_1,lane_1,-0.2353,,
cell_treated_751,donor_1,single_treated,treated,batch_1,lane_2,-1.0518,,
cell_treated_752,donor_1,single_treated,treated,batch_1,lane_3,-2.0529,,
cell_treated_753,donor_1,single_treated,treated,batch_1,lane_1,0.5553,,
cell_treated_754,donor_1,single_treated,treated,batch_1,lane_2,-0.4347,,
cell_treated_755,donor_1,single_treated,treated,batch_1,lane_3,-1.8573,,
cell_treated_756,donor_1,single_treated,treated,batch_1,lane_1,0.1788,,
cell_treated_757,donor_1,single_treated,treated,batch_1,lane_2,-0.555,,
cell_treated_758,donor_1,single_treated,treated,batch_1,lane_3,-2.4644,,
cell_treated_759,donor_1,single_treated,treated,batch_1,lane_1,0.7099,,
cell_treated_760,donor_1,single_treated,treated,batch_1,lane_2,-0.5665,,
cell_treated_761,donor_1,single_treated,treated,batch_1,lane_3,-0.0086,,
cell_treated_762,donor_1,single_treated,treated,batch_1,lane_1,-0.7022,,
cell_treated_763,donor_1,single_treated,treated,batch_1,lane_2,-1.0495,,
cell_treated_764,donor_1,single_treated,treated,batch_1,lane_3,-2.4482,,
cell_treated_765,donor_1,single_treated,treated,batch_1,lane_1,0.0716,,
cell_treated_766,donor_1,single_treated,treated,batch_1,lane_2,-0.8699,,
cell_treated_767,donor_1,single_treated,treated,batch_1,lane_3,-1.1865,,
cell_treated_768,donor_1,single_treated,treated,batch_1,lane_1,-0.5491,,
cell_treated_769,donor_1,single_treated,treated,batch_1,lane_2,-0.8219,,
cell_treated_770,donor_1,single_treated,treated,batch_1,lane_3,-0.2243,,
cell_treated_771,donor_1,single_treated,treated,batch_1,lane_1,-1.271,,
cell_treated_772,donor_1,single_treated,treated,batch_1,lane_2,-0.9365,,
cell_treated_773,donor_1,single_treated,treated,batch_1,lane_3,-3.0389,,
cell_treated_774,donor_1,single_treated,treated,batch_1,lane_1,-1.3233,,
cell_treated_775,donor_1,single_treated,treated,batch_1,lane_2,-0.2243,,
cell_treated_776,donor_1,single_treated,treated,batch_1,lane_3,0.4367,,
cell_treated_777,donor_1,single_treated,treated,batch_1,lane_1,-1.264,,
cell_treated_778,donor_1,single_treated,treated,batch_1,lane_2,-1.0213,,
cell_treated_779,donor_1,single_treated,treated,batch_1,lane_3,0.6835,,
cell_treated_780,donor_1,single_treated,treated,batch_1,lane_1,-1.2258,,
cell_treated_781,donor_1,single_treated,treated,batch_1,lane_2,-0.166,,
cell_treated_782,donor_1,single_treated,treated,batch_1,lane_3,0.7783,,
cell_treated_783,donor_1,single_treated,treated,batch_1,lane_1,-0.8602,,
cell_treated_784,donor_1,single_treated,treated,batch_1,lane_2,0.3269,,
cell_treated_785,donor_1,single_treated,treated,batch_1,lane_3,-1.6105,,
cell_treated_786,donor_1,single_treated,treated,batch_1,lane_1,-0.6923,,
cell_treated_787,donor_1,single_treated,treated,batch_1,lane_2,-0.9774,,
cell_treated_788,donor_1,single_treated,treated,batch_1,lane_3,-0.7851,,
cell_treated_789,donor_1,single_treated,treated,batch_1,lane_1,0.2297,,
cell_treated_790,donor_1,single_treated,treated,batch_1,lane_2,1.4899,,
cell_treated_791,donor_1,single_treated,treated,batch_1,lane_3,-1.5655,,
cell_treated_792,donor_1,single_treated,treated,batch_1,lane_1,-1.4751,,
cell_treated_793,donor_1,single_treated,treated,batch_1,lane_2,-0.4026,,
cell_treated_794,donor_1,single_treated,treated,batch_1,lane_3,-1.9551,,
cell_treated_795,donor_1,single_treated,treated,batch_1,lane_1,-0.403,,
cell_treated_796,donor_1,single_treated,treated,batch_1,lane_2,-0.3281,,
cell_treated_797,donor_1,single_treated,treated,batch_1,lane_3,-1.1775,,
cell_treated_798,donor_1,single_treated,treated,batch_1,lane_1,-0.3688,,
cell_treated_799,donor_1,single_treated,treated,batch_1,lane_2,-2.4493,,
cell_treated_800,donor_1,single_treated,treated,batch_1,lane_3,-0.1401,,
cell_treated_801,donor_1,single_treated,treated,batch_1,lane_1,-2.4448,,
cell_treated_802,donor_1,single_treated,treated,batch_1,lane_2,-1.5964,,
cell_treated_803,donor_1,single_treated,treated,batch_1,lane_3,-1.4562,,
cell_treated_804,donor_1,single_treated,treated,batch_1,lane_1,-1.3011,,
cell_treated_805,donor_1,single_treated,treated,batch_1,lane_2,-0.0412,,
cell_treated_806,donor_1,single_treated,treated,batch_1,lane_3,-0.8183,,
cell_treated_807,donor_1,single_treated,treated,batch_1,lane_1,-1.2974,,
cell_treated_808,donor_1,single_treated,treated,batch_1,lane_2,-0.3565,,
cell_treated_809,donor_1,single_treated,treated,batch_1,lane_3,0.6813,,
cell_treated_810,donor_1,single_treated,treated,batch_1,lane_1,-0.8938,,
cell_treated_811,donor_1,single_treated,treated,batch_1,lane_2,-0.5342,,
cell_treated_812,donor_1,single_treated,treated,batch_1,lane_3,0.3397,,
cell_treated_813,donor_1,single_treated,treated,batch_1,lane_1,-0.6322,,
cell_treated_814,donor_1,single_treated,treated,batch_1,lane_2,-2.1838,,
cell_treated_815,donor_1,single_treated,treated,batch_1,lane_3,1.5903,,
cell_treated_816,donor_1,single_treated,treated,batch_1,lane_1,1.3084,,
cell_treated_817,donor_1,single_treated,treated,batch_1,lane_2,-2.8849,,
cell_treated_818,donor_1,single_treated,treated,batch_1,lane_3,-0.9392,,
cell_treated_819,donor_1,single_treated,treated,batch_1,lane_1,-0.4827,,
cell_treated_820,donor_1,single_treated,treated,batch_1,lane_2,0.0657,,
cell_treated_821,donor_1,single_treated,treated,batch_1,lane_3,-0.231,,
cell_treated_822,donor_1,single_treated,treated,batch_1,lane_1,-1.1722,,
cell_treated_823,donor_1,single_treated,treated,batch_1,lane_2,-1.9538,,
cell_treated_824,donor_1,single_treated,treated,batch_1,lane_3,-0.797,,
cell_treated_825,donor_1,single_treated,treated,batch_1,lane_1,0.1334,,
cell_treated_826,donor_1,single_treated,treated,batch_1,lane_2,-1.9896,,
cell_treated_827,donor_1,single_treated,treated,batch_1,lane_3,-1.9272,,
cell_treated_828,donor_1,single_treated,treated,batch_1,lane_1,-0.9246,,
cell_treated_829,donor_1,single_treated,treated,batch_1,lane_2,-2.8375,,
cell_treated_830,donor_1,single_treated,treated,batch_1,lane_3,-1.1603,,
cell_treated_831,donor_1,single_treated,treated,batch_1,lane_1,-1.3365,,
cell_treated_832,donor_1,single_treated,treated,batch_1,lane_2,-0.4492,,
cell_treated_833,donor_1,single_treated,treated,batch_1,lane_3,-1.6018,,
cell_treated_834,donor_1,single_treated,treated,batch_1,lane_1,-1.7821,,
cell_treated_835,donor_1,single_treated,treated,batch_1,lane_2,-1.2942,,
cell_treated_836,donor_1,single_treated,treated,batch_1,lane_3,-0.9499,,
cell_treated_837,donor_1,single_treated,treated,batch_1,lane_1,-1.5647,,
cell_treated_838,donor_1,single_treated,treated,batch_1,lane_2,-0.8879,,
cell_treated_839,donor_1,single_treated,treated,batch_1,lane_3,-0.1498,,
cell_treated_840,donor_1,single_treated,treated,batch_1,lane_1,0.2851,,
cell_treated_841,donor_1,single_treated,treated,batch_1,lane_2,0.8049,,
cell_treated_842,donor_1,single_treated,treated,batch_1,lane_3,-1.6835,,
cell_treated_843,donor_1,single_treated,treated,batch_1,lane_1,-1.3198,,
cell_treated_844,donor_1,single_treated,treated,batch_1,lane_2,-3.3829,,
cell_treated_845,donor_1,single_treated,treated,batch_1,lane_3,0.9993,,
cell_treated_846,donor_1,single_treated,treated,batch_1,lane_1,-1.6247,,
cell_treated_847,donor_1,single_treated,treated,batch_1,lane_2,-0.9334,,
cell_treated_848,donor_1,single_treated,treated,batch_1,lane_3,-0.3774,,
cell_treated_849,donor_1,single_treated,treated,batch_1,lane_1,-2.2586,,
cell_treated_850,donor_1,single_treated,treated,batch_1,lane_2,-0.4361,,
cell_treated_851,donor_1,single_treated,treated,batch_1,lane_3,-0.9264,,
cell_treated_852,donor_1,single_treated,treated,batch_1,lane_1,-2.726,,
cell_treated_853,donor_1,single_treated,treated,batch_1,lane_2,-0.608,,
cell_treated_854,donor_1,single_treated,treated,batch_1,lane_3,0.2945,,
cell_treated_855,donor_1,single_treated,treated,batch_1,lane_1,-2.7678,,
cell_treated_856,donor_1,single_treated,treated,batch_1,lane_2,-0.0928,,
cell_treated_857,donor_1,single_treated,treated,batch_1,lane_3,-0.6908,,
cell_treated_858,donor_1,single_treated,treated,batch_1,lane_1,-0.4252,,
cell_treated_859,donor_1,single_treated,treated,batch_1,lane_2,-0.4585,,
cell_treated_860,donor_1,single_treated,treated,batch_1,lane_3,0.4039,,
cell_treated_861,donor_1,single_treated,treated,batch_1,lane_1,-1.1236,,
cell_treated_862,donor_1,single_treated,treated,batch_1,lane_2,-0.0264,,
cell_treated_863,donor_1,single_treated,treated,batch_1,lane_3,-1.3099,,
cell_treated_864,donor_1,single_treated,treated,batch_1,lane_1,-0.1721,,
cell_treated_865,donor_1,single_treated,treated,batch_1,lane_2,-1.714,,
cell_treated_866,donor_1,single_treated,treated,batch_1,lane_3,-1.0083,,
cell_treated_867,donor_1,single_treated,treated,batch_1,lane_1,0.831,,
cell_treated_868,donor_1,single_treated,treated,batch_1,lane_2,-0.4544,,
cell_treated_869,donor_1,single_treated,treated,batch_1,lane_3,-1.0582,,
cell_treated_870,donor_1,single_treated,treated,batch_1,lane_1,-2.0448,,
cell_treated_871,donor_1,single_treated,treated,batch_1,lane_2,-1.6901,,
cell_treated_872,donor_1,single_treated,treated,batch_1,lane_3,-0.7064,,
cell_treated_873,donor_1,single_treated,treated,batch_1,lane_1,0.0394,,
cell_treated_874,donor_1,single_treated,treated,batch_1,lane_2,-0.4739,,
cell_treated_875,donor_1,single_treated,treated,batch_1,lane_3,-0.3759,,
cell_treated_876,donor_1,single_treated,treated,batch_1,lane_1,-0.9418,,
cell_treated_877,donor_1,single_treated,treated,batch_1,lane_2,0.452,,
cell_treated_878,donor_1,single_treated,treated,batch_1,lane_3,-1.2908,,
cell_treated_879,donor_1,single_treated,treated,batch_1,lane_1,-1.4497,,
cell_treated_880,donor_1,single_treated,treated,batch_1,lane_2,-0.0119,,
cell_treated_881,donor_1,single_treated,treated,batch_1,lane_3,-0.8364,,
cell_treated_882,donor_1,single_treated,treated,batch_1,lane_1,-1.1786,,
cell_treated_883,donor_1,single_treated,treated,batch_1,lane_2,-1.4761,,
cell_treated_884,donor_1,single_treated,treated,batch_1,lane_3,-1.1569,,
cell_treated_885,donor_1,single_treated,treated,batch_1,lane_1,-0.2764,,
cell_treated_886,donor_1,single_treated,treated,batch_1,lane_2,-0.5463,,
cell_treated_887,donor_1,single_treated,treated,batch_1,lane_3,-2.1096,,
cell_treated_888,donor_1,single_treated,treated,batch_1,lane_1,-0.4737,,
cell_treated_889,donor_1,single_treated,treated,batch_1,lane_2,-0.721,,
cell_treated_890,donor_1,single_treated,treated,batch_1,lane_3,-1.9002,,
cell_treated_891,donor_1,single_treated,treated,batch_1,lane_1,-0.1272,,
cell_treated_892,donor_1,single_treated,treated,batch_1,lane_2,-1.1804,,
cell_treated_893,donor_1,single_treated,treated,batch_1,lane_3,-1.2354,,
cell_treated_894,donor_1,single_treated,treated,batch_1,lane_1,-0.1042,,
cell_treated_895,donor_1,single_treated,treated,batch_1,lane_2,0.4207,,
cell_treated_896,donor_1,single_treated,treated,batch_1,lane_3,-1.5886,,
cell_treated_897,donor_1,single_treated,treated,batch_1,lane_1,-0.4617,,
cell_treated_898,donor_1,single_treated,treated,batch_1,lane_2,-1.7761,,
cell_treated_899,donor_1,single_treated,treated,batch_1,lane_3,1.4143,,
cell_treated_900,donor_1,single_treated,treated,batch_1,lane_1,-1.3938,,
cell_treated_901,donor_1,single_treated,treated,batch_1,lane_2,0.295,,
cell_treated_902,donor_1,single_treated,treated,batch_1,lane_3,-1.5473,,
cell_treated_903,donor_1,single_treated,treated,batch_1,lane_1,-0.0887,,
cell_treated_904,donor_1,single_treated,treated,batch_1,lane_2,1.3189,,
cell_treated_905,donor_1,single_treated,treated,batch_1,lane_3,-3.441,,
cell_treated_906,donor_1,single_treated,treated,batch_1,lane_1,-1.3345,,
cell_treated_907,donor_1,single_treated,treated,batch_1,lane_2,-0.3995,,
cell_treated_908,donor_1,single_treated,treated,batch_1,lane_3,-0.9929,,
cell_treated_909,donor_1,single_treated,treated,batch_1,lane_1,-1.5685,,
cell_treated_910,donor_1,single_treated,treated,batch_1,lane_2,1.2521,,
cell_treated_911,donor_1,single_treated,treated,batch_1,lane_3,-0.8205,,
cell_treated_912,donor_1,single_treated,treated,batch_1,lane_1,-2.5444,,
cell_treated_913,donor_1,single_treated,treated,batch_1,lane_2,-0.0459,,
cell_treated_914,donor_1,single_treated,treated,batch_1,lane_3,-2.6216,,
cell_treated_915,donor_1,single_treated,treated,batch_1,lane_1,0.2508,,
cell_treated_916,donor_1,single_treated,treated,batch_1,lane_2,-1.4778,,
cell_treated_917,donor_1,single_treated,treated,batch_1,lane_3,-0.7552,,
cell_treated_918,donor_1,single_treated,treated,batch_1,lane_1,0.361,,
cell_treated_919,donor_1,single_treated,treated,batch_1,lane_2,-0.7821,,
cell_treated_920,donor_1,single_treated,treated,batch_1,lane_3,-2.2911,,
cell_treated_921,donor_1,single_treated,treated,batch_1,lane_1,-2.5959,,
cell_treated_922,donor_1,single_treated,treated,batch_1,lane_2,0.2826,,
cell_treated_923,donor_1,single_treated,treated,batch_1,lane_3,-0.1596,,
cell_treated_924,donor_1,single_treated,treated,batch_1,lane_1,-1.7158,,
cell_treated_925,donor_1,single_treated,treated,batch_1,lane_2,-0.0405,,
cell_treated_926,donor_1,single_treated,treated,batch_1,lane_3,-0.4033,,
cell_treated_927,donor_1,single_treated,treated,batch_1,lane_1,-0.2523,,
cell_treated_928,donor_1,single_treated,treated,batch_1,lane_2,-3.1589,,
cell_treated_929,donor_1,single_treated,treated,batch_1,lane_3,-1.2021,,
cell_treated_930,donor_1,single_treated,treated,batch_1,lane_1,0.0004,,
cell_treated_931,donor_1,single_treated,treated,batch_1,lane_2,-0.1665,,
cell_treated_932,donor_1,single_treated,treated,batch_1,lane_3,-0.0186,,
cell_treated_933,donor_1,single_treated,treated,batch_1,lane_1,-3.3573,,
cell_treated_934,donor_1,single_treated,treated,batch_1,lane_2,-0.7309,,
cell_treated_935,donor_1,single_treated,treated,batch_1,lane_3,-0.4078,,
cell_treated_936,donor_1,single_treated,treated,batch_1,lane_1,1.6519,,
cell_treated_937,donor_1,single_treated,treated,batch_1,lane_2,-1.8538,,
cell_treated_938,donor_1,single_treated,treated,batch_1,lane_3,-1.2293,,
cell_treated_939,donor_1,single_treated,treated,batch_1,lane_1,-0.8641,,
cell_treated_940,donor_1,single_treated,treated,batch_1,lane_2,-0.0139,,
cell_treated_941,donor_1,single_treated,treated,batch_1,lane_3,-1.3433,,
cell_treated_942,donor_1,single_treated,treated,batch_1,lane_1,0.2472,,
cell_treated_943,donor_1,single_treated,treated,batch_1,lane_2,-1.6879,,
cell_treated_944,donor_1,single_treated,treated,batch_1,lane_3,-0.6331,,
cell_treated_945,donor_1,single_treated,treated,batch_1,lane_1,-1.4274,,
cell_treated_946,donor_1,single_treated,treated,batch_1,lane_2,-0.7418,,
cell_treated_947,donor_1,single_treated,treated,batch_1,lane_3,-1.5908,,
cell_treated_948,donor_1,single_treated,treated,batch_1,lane_1,-2.4973,,
cell_treated_949,donor_1,single_treated,treated,batch_1,lane_2,0.1931,,
cell_treated_950,donor_1,single_treated,treated,batch_1,lane_3,-0.5966,,
cell_treated_951,donor_1,single_treated,treated,batch_1,lane_1,-1.4586,,
cell_treated_952,donor_1,single_treated,treated,batch_1,lane_2,-0.6991,,
cell_treated_953,donor_1,single_treated,treated,batch_1,lane_3,0.0902,,
cell_treated_954,donor_1,single_treated,treated,batch_1,lane_1,-1.8775,,
cell_treated_955,donor_1,single_treated,treated,batch_1,lane_2,-1.0104,,
cell_treated_956,donor_1,single_treated,treated,batch_1,lane_3,-0.3608,,
cell_treated_957,donor_1,single_treated,treated,batch_1,lane_1,-0.3738,,
cell_treated_958,donor_1,single_treated,treated,batch_1,lane_2,-1.2353,,
cell_treated_959,donor_1,single_treated,treated,batch_1,lane_3,-3.007,,
cell_treated_960,donor_1,single_treated,treated,batch_1,lane_1,0.3429,,
cell_treated_961,donor_1,single_treated,treated,batch_1,lane_2,-0.5717,,
cell_treated_962,donor_1,single_treated,treated,batch_1,lane_3,-0.8869,,
cell_treated_963,donor_1,single_treated,treated,batch_1,lane_1,-1.1785,,
cell_treated_964,donor_1,single_treated,treated,batch_1,lane_2,-0.6366,,
cell_treated_965,donor_1,single_treated,treated,batch_1,lane_3,-1.3256,,
cell_treated_966,donor_1,single_treated,treated,batch_1,lane_1,-1.9247,,
cell_treated_967,donor_1,single_treated,treated,batch_1,lane_2,-1.6398,,
cell_treated_968,donor_1,single_treated,treated,batch_1,lane_3,-1.4968,,
cell_treated_969,donor_1,single_treated,treated,batch_1,lane_1,-1.5124,,
cell_treated_970,donor_1,single_treated,treated,batch_1,lane_2,-2.0587,,
cell_treated_971,donor_1,single_treated,treated,batch_1,lane_3,-0.2637,,
cell_treated_972,donor_1,single_treated,treated,batch_1,lane_1,-2.2098,,
cell_treated_973,donor_1,single_treated,treated,batch_1,lane_2,-0.2403,,
cell_treated_974,donor_1,single_treated,treated,batch_1,lane_3,-1.9147,,
cell_treated_975,donor_1,single_treated,treated,batch_1,lane_1,-0.5475,,
cell_treated_976,donor_1,single_treated,treated,batch_1,lane_2,0.4741,,
cell_treated_977,donor_1,single_treated,treated,batch_1,lane_3,-0.6967,,
cell_treated_978,donor_1,single_treated,treated,batch_1,lane_1,-1.6308,,
cell_treated_979,donor_1,single_treated,treated,batch_1,lane_2,-0.8517,,
cell_treated_980,donor_1,single_treated,treated,batch_1,lane_3,-0.7519,,
cell_treated_981,donor_1,single_treated,treated,batch_1,lane_1,-2.6338,,
cell_treated_982,donor_1,single_treated,treated,batch_1,lane_2,-1.5077,,
cell_treated_983,donor_1,single_treated,treated,batch_1,lane_3,-0.737,,
cell_treated_984,donor_1,single_treated,treated,batch_1,lane_1,-1.3692,,
cell_treated_985,donor_1,single_treated,treated,batch_1,lane_2,-0.8203,,
cell_treated_986,donor_1,single_treated,treated,batch_1,lane_3,-0.166,,
cell_treated_987,donor_1,single_treated,treated,batch_1,lane_1,-0.1334,,
cell_treated_988,donor_1,single_treated,treated,batch_1,lane_2,0.0057,,
cell_treated_989,donor_1,single_treated,treated,batch_1,lane_3,-0.3115,,
cell_treated_990,donor_1,single_treated,treated,batch_1,lane_1,-1.1879,,
cell_treated_991,donor_1,single_treated,treated,batch_1,lane_2,-0.9184,,
cell_treated_992,donor_1,single_treated,treated,batch_1,lane_3,-1.1712,,
cell_treated_993,donor_1,single_treated,treated,batch_1,lane_1,-1.2132,,
cell_treated_994,donor_1,single_treated,treated,batch_1,lane_2,-1.0797,,
cell_treated_995,donor_1,single_treated,treated,batch_1,lane_3,-2.6247,,
cell_treated_996,donor_1,single_treated,treated,batch_1,lane_1,-1.2332,,
cell_treated_997,donor_1,single_treated,treated,batch_1,lane_2,-0.9241,,
cell_treated_998,donor_1,single_treated,treated,batch_1,lane_3,-1.874,,
cell_treated_999,donor_1,single_treated,treated,batch_1,lane_1,-0.924,,
cell_treated_1000,donor_1,single_treated,treated,batch_1,lane_2,-0.3845,,
cell_treated_1001,donor_1,single_treated,treated,batch_1,lane_3,-1.0644,,
cell_treated_1002,donor_1,single_treated,treated,batch_1,lane_1,1.1766,,
cell_treated_1003,donor_1,single_treated,treated,batch_1,lane_2,-3.5065,,
cell_treated_1004,donor_1,single_treated,treated,batch_1,lane_3,-1.1064,,
cell_treated_1005,donor_1,single_treated,treated,batch_1,lane_1,-2.7254,,
cell_treated_1006,donor_1,single_treated,treated,batch_1,lane_2,0.08,,
cell_treated_1007,donor_1,single_treated,treated,batch_1,lane_3,1.7541,,
cell_treated_1008,donor_1,single_treated,treated,batch_1,lane_1,-3.402,,
cell_treated_1009,donor_1,single_treated,treated,batch_1,lane_2,-0.7721,,
cell_treated_1010,donor_1,single_treated,treated,batch_1,lane_3,-0.3809,,
cell_treated_1011,donor_1,single_treated,treated,batch_1,lane_1,-1.2024,,
cell_treated_1012,donor_1,single_treated,treated,batch_1,lane_2,-0.3484,,
cell_treated_1013,donor_1,single_treated,treated,batch_1,lane_3,-3.143,,
cell_treated_1014,donor_1,single_treated,treated,batch_1,lane_1,-0.048,,
cell_treated_1015,donor_1,single_treated,treated,batch_1,lane_2,-0.528,,
cell_treated_1016,donor_1,single_treated,treated,batch_1,lane_3,-0.8772,,
cell_treated_1017,donor_1,single_treated,treated,batch_1,lane_1,-1.4876,,
cell_treated_1018,donor_1,single_treated,treated,batch_1,lane_2,-0.2616,,
cell_treated_1019,donor_1,single_treated,treated,batch_1,lane_3,-1.3854,,
cell_treated_1020,donor_1,single_treated,treated,batch_1,lane_1,-0.6769,,
cell_treated_1021,donor_1,single_treated,treated,batch_1,lane_2,-1.4101,,
cell_treated_1022,donor_1,single_treated,treated,batch_1,lane_3,-3.1468,,
cell_treated_1023,donor_1,single_treated,treated,batch_1,lane_1,-0.9313,,
cell_treated_1024,donor_1,single_treated,treated,batch_1,lane_2,-0.6978,,
cell_treated_1025,donor_1,single_treated,treated,batch_1,lane_3,-0.1456,,
cell_treated_1026,donor_1,single_treated,treated,batch_1,lane_1,-1.7761,,
cell_treated_1027,donor_1,single_treated,treated,batch_1,lane_2,-0.9331,,
cell_treated_1028,donor_1,single_treated,treated,batch_1,lane_3,-0.2829,,
cell_treated_1029,donor_1,single_treated,treated,batch_1,lane_1,-0.7546,,
cell_treated_1030,donor_1,single_treated,treated,batch_1,lane_2,0.3425,,
cell_treated_1031,donor_1,single_treated,treated,batch_1,lane_3,1.0917,,
cell_treated_1032,donor_1,single_treated,treated,batch_1,lane_1,-1.8086,,
cell_treated_1033,donor_1,single_treated,treated,batch_1,lane_2,-2.8209,,
cell_treated_1034,donor_1,single_treated,treated,batch_1,lane_3,-0.0434,,
cell_treated_1035,donor_1,single_treated,treated,batch_1,lane_1,0.6294,,
cell_treated_1036,donor_1,single_treated,treated,batch_1,lane_2,0.0223,,
cell_treated_1037,donor_1,single_treated,treated,batch_1,lane_3,-0.0861,,
cell_treated_1038,donor_1,single_treated,treated,batch_1,lane_1,-1.5186,,
cell_treated_1039,donor_1,single_treated,treated,batch_1,lane_2,-1.6136,,
cell_treated_1040,donor_1,single_treated,treated,batch_1,lane_3,-0.0116,,
cell_treated_1041,donor_1,single_treated,treated,batch_1,lane_1,-1.8116,,
cell_treated_1042,donor_1,single_treated,treated,batch_1,lane_2,-2.7133,,
cell_treated_1043,donor_1,single_treated,treated,batch_1,lane_3,-1.8975,,
cell_treated_1044,donor_1,single_treated,treated,batch_1,lane_1,1.5923,,
cell_treated_1045,donor_1,single_treated,treated,batch_1,lane_2,1.0234,,
cell_treated_1046,donor_1,single_treated,treated,batch_1,lane_3,-1.5865,,
cell_treated_1047,donor_1,single_treated,treated,batch_1,lane_1,-1.629,,
cell_treated_1048,donor_1,single_treated,treated,batch_1,lane_2,-0.6686,,
cell_treated_1049,donor_1,single_treated,treated,batch_1,lane_3,-1.6494,,
cell_treated_1050,donor_1,single_treated,treated,batch_1,lane_1,0.4101,,
cell_treated_1051,donor_1,single_treated,treated,batch_1,lane_2,-0.9783,,
cell_treated_1052,donor_1,single_treated,treated,batch_1,lane_3,-1.9863,,
cell_treated_1053,donor_1,single_treated,treated,batch_1,lane_1,0.4089,,
cell_treated_1054,donor_1,single_treated,treated,batch_1,lane_2,-1.4831,,
cell_treated_1055,donor_1,single_treated,treated,batch_1,lane_3,-0.6787,,
cell_treated_1056,donor_1,single_treated,treated,batch_1,lane_1,-0.9127,,
cell_treated_1057,donor_1,single_treated,treated,batch_1,lane_2,-1.2144,,
cell_treated_1058,donor_1,single_treated,treated,batch_1,lane_3,-0.5751,,
cell_treated_1059,donor_1,single_treated,treated,batch_1,lane_1,-1.5925,,
cell_treated_1060,donor_1,single_treated,treated,batch_1,lane_2,-2.7445,,
cell_treated_1061,donor_1,single_treated,treated,batch_1,lane_3,-3.108,,
cell_treated_1062,donor_1,single_treated,treated,batch_1,lane_1,-2.1666,,
cell_treated_1063,donor_1,single_treated,treated,batch_1,lane_2,-1.6584,,
cell_treated_1064,donor_1,single_treated,treated,batch_1,lane_3,-0.923,,
cell_treated_1065,donor_1,single_treated,treated,batch_1,lane_1,-0.8447,,
cell_treated_1066,donor_1,single_treated,treated,batch_1,lane_2,-0.344,,
cell_treated_1067,donor_1,single_treated,treated,batch_1,lane_3,-0.7801,,
cell_treated_1068,donor_1,single_treated,treated,batch_1,lane_1,-1.6934,,
cell_treated_1069,donor_1,single_treated,treated,batch_1,lane_2,-1.6089,,
cell_treated_1070,donor_1,single_treated,treated,batch_1,lane_3,-3.0188,,
cell_treated_1071,donor_1,single_treated,treated,batch_1,lane_1,-1.0691,,
cell_treated_1072,donor_1,single_treated,treated,batch_1,lane_2,-0.4151,,
cell_treated_1073,donor_1,single_treated,treated,batch_1,lane_3,-0.3703,,
cell_treated_1074,donor_1,single_treated,treated,batch_1,lane_1,-1.0214,,
cell_treated_1075,donor_1,single_treated,treated,batch_1,lane_2,-1.0742,,
cell_treated_1076,donor_1,single_treated,treated,batch_1,lane_3,0.0363,,
cell_treated_1077,donor_1,single_treated,treated,batch_1,lane_1,-0.8846,,
cell_treated_1078,donor_1,single_treated,treated,batch_1,lane_2,-0.1622,,
cell_treated_1079,donor_1,single_treated,treated,batch_1,lane_3,-0.3175,,
cell_treated_1080,donor_1,single_treated,treated,batch_1,lane_1,-0.6868,,
cell_treated_1081,donor_1,single_treated,treated,batch_1,lane_2,0.4064,,
cell_treated_1082,donor_1,single_treated,treated,batch_1,lane_3,-1.4727,,
cell_treated_1083,donor_1,single_treated,treated,batch_1,lane_1,-1.2589,,
cell_treated_1084,donor_1,single_treated,treated,batch_1,lane_2,-1.708,,
cell_treated_1085,donor_1,single_treated,treated,batch_1,lane_3,-1.6972,,
cell_treated_1086,donor_1,single_treated,treated,batch_1,lane_1,0.656,,
cell_treated_1087,donor_1,single_treated,treated,batch_1,lane_2,0.8593,,
cell_treated_1088,donor_1,single_treated,treated,batch_1,lane_3,-0.8771,,
cell_treated_1089,donor_1,single_treated,treated,batch_1,lane_1,-0.3318,,
cell_treated_1090,donor_1,single_treated,treated,batch_1,lane_2,0.2753,,
cell_treated_1091,donor_1,single_treated,treated,batch_1,lane_3,-0.0925,,
cell_treated_1092,donor_1,single_treated,treated,batch_1,lane_1,0.3053,,
cell_treated_1093,donor_1,single_treated,treated,batch_1,lane_2,-2.163,,
cell_treated_1094,donor_1,single_treated,treated,batch_1,lane_3,-1.5394,,
cell_treated_1095,donor_1,single_treated,treated,batch_1,lane_1,-0.4473,,
cell_treated_1096,donor_1,single_treated,treated,batch_1,lane_2,0.5353,,
cell_treated_1097,donor_1,single_treated,treated,batch_1,lane_3,-0.7961,,
cell_treated_1098,donor_1,single_treated,treated,batch_1,lane_1,-1.7584,,
cell_treated_1099,donor_1,single_treated,treated,batch_1,lane_2,-1.2545,,
cell_treated_1100,donor_1,single_treated,treated,batch_1,lane_3,-1.5606,,
cell_treated_1101,donor_1,single_treated,treated,batch_1,lane_1,-1.7583,,
cell_treated_1102,donor_1,single_treated,treated,batch_1,lane_2,0.6012,,
cell_treated_1103,donor_1,single_treated,treated,batch_1,lane_3,-1.5256,,
cell_treated_1104,donor_1,single_treated,treated,batch_1,lane_1,-0.8796,,
cell_treated_1105,donor_1,single_treated,treated,batch_1,lane_2,1.2624,,
cell_treated_1106,donor_1,single_treated,treated,batch_1,lane_3,0.2847,,
cell_treated_1107,donor_1,single_treated,treated,batch_1,lane_1,-0.5638,,
cell_treated_1108,donor_1,single_treated,treated,batch_1,lane_2,-1.5119,,
cell_treated_1109,donor_1,single_treated,treated,batch_1,lane_3,-0.4897,,
cell_treated_1110,donor_1,single_treated,treated,batch_1,lane_1,0.7217,,
cell_treated_1111,donor_1,single_treated,treated,batch_1,lane_2,-0.277,,
cell_treated_1112,donor_1,single_treated,treated,batch_1,lane_3,0.3615,,
cell_treated_1113,donor_1,single_treated,treated,batch_1,lane_1,-0.8019,,
cell_treated_1114,donor_1,single_treated,treated,batch_1,lane_2,-0.3837,,
cell_treated_1115,donor_1,single_treated,treated,batch_1,lane_3,-1.101,,
cell_treated_1116,donor_1,single_treated,treated,batch_1,lane_1,-0.4731,,
cell_treated_1117,donor_1,single_treated,treated,batch_1,lane_2,0.4004,,
cell_treated_1118,donor_1,single_treated,treated,batch_1,lane_3,-2.3311,,
cell_treated_1119,donor_1,single_treated,treated,batch_1,lane_1,-0.9625,,
cell_treated_1120,donor_1,single_treated,treated,batch_1,lane_2,-0.6597,,
cell_treated_1121,donor_1,single_treated,treated,batch_1,lane_3,-1.4711,,
cell_treated_1122,donor_1,single_treated,treated,batch_1,lane_1,-1.208,,
cell_treated_1123,donor_1,single_treated,treated,batch_1,lane_2,-0.1131,,
cell_treated_1124,donor_1,single_treated,treated,batch_1,lane_3,1.1016,,
cell_treated_1125,donor_1,single_treated,treated,batch_1,lane_1,-0.2705,,
cell_treated_1126,donor_1,single_treated,treated,batch_1,lane_2,-0.5739,,
cell_treated_1127,donor_1,single_treated,treated,batch_1,lane_3,-2.4514,,
cell_treated_1128,donor_1,single_treated,treated,batch_1,lane_1,1.0275,,
cell_treated_1129,donor_1,single_treated,treated,batch_1,lane_2,-0.8231,,
cell_treated_1130,donor_1,single_treated,treated,batch_1,lane_3,-0.9338,,
cell_treated_1131,donor_1,single_treated,treated,batch_1,lane_1,-2.0184,,
cell_treated_1132,donor_1,single_treated,treated,batch_1,lane_2,-0.9568,,
cell_treated_1133,donor_1,single_treated,treated,batch_1,lane_3,-1.9961,,
cell_treated_1134,donor_1,single_treated,treated,batch_1,lane_1,-0.829,,
cell_treated_1135,donor_1,single_treated,treated,batch_1,lane_2,-0.4337,,
cell_treated_1136,donor_1,single_treated,treated,batch_1,lane_3,-0.8688,,
cell_treated_1137,donor_1,single_treated,treated,batch_1,lane_1,-0.6203,,
cell_treated_1138,donor_1,single_treated,treated,batch_1,lane_2,-1.7518,,
cell_treated_1139,donor_1,single_treated,treated,batch_1,lane_3,0.5298,,
cell_treated_1140,donor_1,single_treated,treated,batch_1,lane_1,-1.5532,,
cell_treated_1141,donor_1,single_treated,treated,batch_1,lane_2,-2.7183,,
cell_treated_1142,donor_1,single_treated,treated,batch_1,lane_3,-1.0875,,
cell_treated_1143,donor_1,single_treated,treated,batch_1,lane_1,-1.6637,,
cell_treated_1144,donor_1,single_treated,treated,batch_1,lane_2,-1.9098,,
cell_treated_1145,donor_1,single_treated,treated,batch_1,lane_3,-1.2549,,
cell_treated_1146,donor_1,single_treated,treated,batch_1,lane_1,-0.6088,,
cell_treated_1147,donor_1,single_treated,treated,batch_1,lane_2,-2.0818,,
cell_treated_1148,donor_1,single_treated,treated,batch_1,lane_3,-1.0375,,
cell_treated_1149,donor_1,single_treated,treated,batch_1,lane_1,0.5267,,
cell_treated_1150,donor_1,single_treated,treated,batch_1,lane_2,-0.2173,,
cell_treated_1151,donor_1,single_treated,treated,batch_1,lane_3,-1.052,,
cell_treated_1152,donor_1,single_treated,treated,batch_1,lane_1,-0.7723,,
cell_treated_1153,donor_1,single_treated,treated,batch_1,lane_2,-1.0199,,
cell_treated_1154,donor_1,single_treated,treated,batch_1,lane_3,-0.9478,,
cell_treated_1155,donor_1,single_treated,treated,batch_1,lane_1,-0.1676,,
cell_treated_1156,donor_1,single_treated,treated,batch_1,lane_2,-0.9925,,
cell_treated_1157,donor_1,single_treated,treated,batch_1,lane_3,-3.3044,,
cell_treated_1158,donor_1,single_treated,treated,batch_1,lane_1,-0.9215,,
cell_treated_1159,donor_1,single_treated,treated,batch_1,lane_2,-1.7895,,
cell_treated_1160,donor_1,single_treated,treated,batch_1,lane_3,-0.2487,,
cell_treated_1161,donor_1,single_treated,treated,batch_1,lane_1,-1.5103,,
cell_treated_1162,donor_1,single_treated,treated,batch_1,lane_2,-0.7516,,
cell_treated_1163,donor_1,single_treated,treated,batch_1,lane_3,1.2773,,
cell_treated_1164,donor_1,single_treated,treated,batch_1,lane_1,-1.9469,,
cell_treated_1165,donor_1,single_treated,treated,batch_1,lane_2,-2.0246,,
cell_treated_1166,donor_1,single_treated,treated,batch_1,lane_3,-2.3115,,
cell_treated_1167,donor_1,single_treated,treated,batch_1,lane_1,-3.2949,,
cell_treated_1168,donor_1,single_treated,treated,batch_1,lane_2,-2.7785,,
cell_treated_1169,donor_1,single_treated,treated,batch_1,lane_3,-0.5355,,
cell_treated_1170,donor_1,single_treated,treated,batch_1,lane_1,-1.5381,,
cell_treated_1171,donor_1,single_treated,treated,batch_1,lane_2,-2.7682,,
cell_treated_1172,donor_1,single_treated,treated,batch_1,lane_3,-2.3826,,
cell_treated_1173,donor_1,single_treated,treated,batch_1,lane_1,-0.2827,,
cell_treated_1174,donor_1,single_treated,treated,batch_1,lane_2,-1.6753,,
cell_treated_1175,donor_1,single_treated,treated,batch_1,lane_3,-1.2668,,
cell_treated_1176,donor_1,single_treated,treated,batch_1,lane_1,-0.5695,,
cell_treated_1177,donor_1,single_treated,treated,batch_1,lane_2,0.4564,,
cell_treated_1178,donor_1,single_treated,treated,batch_1,lane_3,1.041,,
cell_treated_1179,donor_1,single_treated,treated,batch_1,lane_1,0.1324,,
cell_treated_1180,donor_1,single_treated,treated,batch_1,lane_2,-0.7564,,
cell_treated_1181,donor_1,single_treated,treated,batch_1,lane_3,-0.7158,,
cell_treated_1182,donor_1,single_treated,treated,batch_1,lane_1,0.9022,,
cell_treated_1183,donor_1,single_treated,treated,batch_1,lane_2,0.5286,,
cell_treated_1184,donor_1,single_treated,treated,batch_1,lane_3,-1.2105,,
cell_treated_1185,donor_1,single_treated,treated,batch_1,lane_1,-0.4423,,
cell_treated_1186,donor_1,single_treated,treated,batch_1,lane_2,-0.6131,,
cell_treated_1187,donor_1,single_treated,treated,batch_1,lane_3,-0.8476,,
cell_treated_1188,donor_1,single_treated,treated,batch_1,lane_1,-1.4,,
cell_treated_1189,donor_1,single_treated,treated,batch_1,lane_2,-2.2265,,
cell_treated_1190,donor_1,single_treated,treated,batch_1,lane_3,-1.434,,
cell_treated_1191,donor_1,single_treated,treated,batch_1,lane_1,-2.4441,,
cell_treated_1192,donor_1,single_treated,treated,batch_1,lane_2,0.3238,,
cell_treated_1193,donor_1,single_treated,treated,batch_1,lane_3,-0.3634,,
cell_treated_1194,donor_1,single_treated,treated,batch_1,lane_1,-2.106,,
cell_treated_1195,donor_1,single_treated,treated,batch_1,lane_2,0.4958,,
cell_treated_1196,donor_1,single_treated,treated,batch_1,lane_3,-0.0083,,
cell_treated_1197,donor_1,single_treated,treated,batch_1,lane_1,-2.8086,,
cell_treated_1198,donor_1,single_treated,treated,batch_1,lane_2,0.9414,,
cell_treated_1199,donor_1,single_treated,treated,batch_1,lane_3,-0.0901,,
cell_treated_1200,donor_1,single_treated,treated,batch_1,lane_1,1.1642,,
cell_treated_1201,donor_1,single_treated,treated,batch_1,lane_2,-2.1311,,
cell_treated_1202,donor_1,single_treated,treated,batch_1,lane_3,-0.3693,,
cell_treated_1203,donor_1,single_treated,treated,batch_1,lane_1,-0.4769,,
cell_treated_1204,donor_1,single_treated,treated,batch_1,lane_2,-0.6981,,
cell_treated_1205,donor_1,single_treated,treated,batch_1,lane_3,-0.7288,,
cell_treated_1206,donor_1,single_treated,treated,batch_1,lane_1,0.1533,,
cell_treated_1207,donor_1,single_treated,treated,batch_1,lane_2,-2.3944,,
cell_treated_1208,donor_1,single_treated,treated,batch_1,lane_3,-2.1421,,
cell_treated_1209,donor_1,single_treated,treated,batch_1,lane_1,-2.2942,,
cell_treated_1210,donor_1,single_treated,treated,batch_1,lane_2,-1.4577,,
cell_treated_1211,donor_1,single_treated,treated,batch_1,lane_3,-1.5055,,
cell_treated_1212,donor_1,single_treated,treated,batch_1,lane_1,-0.5326,,
cell_treated_1213,donor_1,single_treated,treated,batch_1,lane_2,-0.6335,,
cell_treated_1214,donor_1,single_treated,treated,batch_1,lane_3,-0.8687,,
cell_treated_1215,donor_1,single_treated,treated,batch_1,lane_1,-1.5766,,
cell_treated_1216,donor_1,single_treated,treated,batch_1,lane_2,-1.3419,,
cell_treated_1217,donor_1,single_treated,treated,batch_1,lane_3,0.0525,,
cell_treated_1218,donor_1,single_treated,treated,batch_1,lane_1,-0.1364,,
cell_treated_1219,donor_1,single_treated,treated,batch_1,lane_2,-0.7991,,
cell_treated_1220,donor_1,single_treated,treated,batch_1,lane_3,-1.2226,,
cell_treated_1221,donor_1,single_treated,treated,batch_1,lane_1,0.653,,
cell_treated_1222,donor_1,single_treated,treated,batch_1,lane_2,-1.4941,,
cell_treated_1223,donor_1,single_treated,treated,batch_1,lane_3,-0.2513,,
cell_treated_1224,donor_1,single_treated,treated,batch_1,lane_1,0.2536,,
cell_treated_1225,donor_1,single_treated,treated,batch_1,lane_2,-1.1655,,
cell_treated_1226,donor_1,single_treated,treated,batch_1,lane_3,-0.0746,,
cell_treated_1227,donor_1,single_treated,treated,batch_1,lane_1,-2.0157,,
cell_treated_1228,donor_1,single_treated,treated,batch_1,lane_2,0.1126,,
cell_treated_1229,donor_1,single_treated,treated,batch_1,lane_3,-0.7004,,
cell_treated_1230,donor_1,single_treated,treated,batch_1,lane_1,-2.4867,,
cell_treated_1231,donor_1,single_treated,treated,batch_1,lane_2,-0.2305,,
cell_treated_1232,donor_1,single_treated,treated,batch_1,lane_3,-1.7923,,
cell_treated_1233,donor_1,single_treated,treated,batch_1,lane_1,0.3818,,
cell_treated_1234,donor_1,single_treated,treated,batch_1,lane_2,-1.579,,
cell_treated_1235,donor_1,single_treated,treated,batch_1,lane_3,-1.0647,,
cell_treated_1236,donor_1,single_treated,treated,batch_1,lane_1,-0.617,,
cell_treated_1237,donor_1,single_treated,treated,batch_1,lane_2,-1.2324,,
cell_treated_1238,donor_1,single_treated,treated,batch_1,lane_3,-0.6404,,
cell_treated_1239,donor_1,single_treated,treated,batch_1,lane_1,-1.4533,,
cell_treated_1240,donor_1,single_treated,treated,batch_1,lane_2,-0.2282,,
cell_treated_1241,donor_1,single_treated,treated,batch_1,lane_3,-0.8945,,
cell_treated_1242,donor_1,single_treated,treated,batch_1,lane_1,-0.6889,,
cell_treated_1243,donor_1,single_treated,treated,batch_1,lane_2,-3.6526,,
cell_treated_1244,donor_1,single_treated,treated,batch_1,lane_3,0.2614,,
cell_treated_1245,donor_1,single_treated,treated,batch_1,lane_1,-0.8682,,
cell_treated_1246,donor_1,single_treated,treated,batch_1,lane_2,-2.6826,,
cell_treated_1247,donor_1,single_treated,treated,batch_1,lane_3,-0.8045,,
cell_treated_1248,donor_1,single_treated,treated,batch_1,lane_1,-0.4328,,
cell_treated_1249,donor_1,single_treated,treated,batch_1,lane_2,0.1707,,
cell_treated_1250,donor_1,single_treated,treated,batch_1,lane_3,-1.9827,,
cell_treated_1251,donor_1,single_treated,treated,batch_1,lane_1,0.647,,
cell_treated_1252,donor_1,single_treated,treated,batch_1,lane_2,-1.0594,,
cell_treated_1253,donor_1,single_treated,treated,batch_1,lane_3,1.4947,,
cell_treated_1254,donor_1,single_treated,treated,batch_1,lane_1,-1.0463,,
cell_treated_1255,donor_1,single_treated,treated,batch_1,lane_2,-0.2203,,
cell_treated_1256,donor_1,single_treated,treated,batch_1,lane_3,-1.2666,,
cell_treated_1257,donor_1,single_treated,treated,batch_1,lane_1,-2.0159,,
cell_treated_1258,donor_1,single_treated,treated,batch_1,lane_2,0.1967,,
cell_treated_1259,donor_1,single_treated,treated,batch_1,lane_3,0.0063,,
cell_treated_1260,donor_1,single_treated,treated,batch_1,lane_1,0.6385,,
cell_treated_1261,donor_1,single_treated,treated,batch_1,lane_2,-0.043,,
cell_treated_1262,donor_1,single_treated,treated,batch_1,lane_3,-1.4732,,
cell_treated_1263,donor_1,single_treated,treated,batch_1,lane_1,-2.5625,,
cell_treated_1264,donor_1,single_treated,treated,batch_1,lane_2,-1.5506,,
cell_treated_1265,donor_1,single_treated,treated,batch_1,lane_3,-1.575,,
cell_treated_1266,donor_1,single_treated,treated,batch_1,lane_1,-1.7152,,
cell_treated_1267,donor_1,single_treated,treated,batch_1,lane_2,-0.3176,,
cell_treated_1268,donor_1,single_treated,treated,batch_1,lane_3,-0.5722,,
cell_treated_1269,donor_1,single_treated,treated,batch_1,lane_1,-1.1698,,
cell_treated_1270,donor_1,single_treated,treated,batch_1,lane_2,-0.7274,,
cell_treated_1271,donor_1,single_treated,treated,batch_1,lane_3,-1.0456,,
cell_treated_1272,donor_1,single_treated,treated,batch_1,lane_1,-0.6872,,
cell_treated_1273,donor_1,single_treated,treated,batch_1,lane_2,-0.1479,,
cell_treated_1274,donor_1,single_treated,treated,batch_1,lane_3,0.0594,,
cell_treated_1275,donor_1,single_treated,treated,batch_1,lane_1,-1.5859,,
cell_treated_1276,donor_1,single_treated,treated,batch_1,lane_2,-2.4068,,
cell_treated_1277,donor_1,single_treated,treated,batch_1,lane_3,0.5274,,
cell_treated_1278,donor_1,single_treated,treated,batch_1,lane_1,-0.7855,,
cell_treated_1279,donor_1,single_treated,treated,batch_1,lane_2,0.2057,,
cell_treated_1280,donor_1,single_treated,treated,batch_1,lane_3,-2.5431,,
cell_treated_1281,donor_1,single_treated,treated,batch_1,lane_1,-1.23,,
cell_treated_1282,donor_1,single_treated,treated,batch_1,lane_2,-0.8729,,
cell_treated_1283,donor_1,single_treated,treated,batch_1,lane_3,-2.3415,,
cell_treated_1284,donor_1,single_treated,treated,batch_1,lane_1,-1.4159,,
cell_treated_1285,donor_1,single_treated,treated,batch_1,lane_2,-0.1755,,
cell_treated_1286,donor_1,single_treated,treated,batch_1,lane_3,0.1786,,
cell_treated_1287,donor_1,single_treated,treated,batch_1,lane_1,0.6941,,
cell_treated_1288,donor_1,single_treated,treated,batch_1,lane_2,-1.7636,,
cell_treated_1289,donor_1,single_treated,treated,batch_1,lane_3,-2.3013,,
cell_treated_1290,donor_1,single_treated,treated,batch_1,lane_1,-0.3795,,
cell_treated_1291,donor_1,single_treated,treated,batch_1,lane_2,0.0405,,
cell_treated_1292,donor_1,single_treated,treated,batch_1,lane_3,-0.707,,
cell_treated_1293,donor_1,single_treated,treated,batch_1,lane_1,-2.2015,,
cell_treated_1294,donor_1,single_treated,treated,batch_1,lane_2,-0.1179,,
cell_treated_1295,donor_1,single_treated,treated,batch_1,lane_3,-0.1074,,
cell_treated_1296,donor_1,single_treated,treated,batch_1,lane_1,-0.3466,,
cell_treated_1297,donor_1,single_treated,treated,batch_1,lane_2,-1.3871,,
cell_treated_1298,donor_1,single_treated,treated,batch_1,lane_3,-0.5959,,
cell_treated_1299,donor_1,single_treated,treated,batch_1,lane_1,-0.1093,,
cell_treated_1300,donor_1,single_treated,treated,batch_1,lane_2,-1.4588,,
cell_treated_1301,donor_1,single_treated,treated,batch_1,lane_3,-2.7437,,
cell_treated_1302,donor_1,single_treated,treated,batch_1,lane_1,-0.5714,,
cell_treated_1303,donor_1,single_treated,treated,batch_1,lane_2,-0.4192,,
cell_treated_1304,donor_1,single_treated,treated,batch_1,lane_3,-0.8865,,
cell_treated_1305,donor_1,single_treated,treated,batch_1,lane_1,-0.0109,,
cell_treated_1306,donor_1,single_treated,treated,batch_1,lane_2,-1.4866,,
cell_treated_1307,donor_1,single_treated,treated,batch_1,lane_3,-0.9823,,
cell_treated_1308,donor_1,single_treated,treated,batch_1,lane_1,-1.2052,,
cell_treated_1309,donor_1,single_treated,treated,batch_1,lane_2,-0.3286,,
cell_treated_1310,donor_1,single_treated,treated,batch_1,lane_3,0.6957,,
cell_treated_1311,donor_1,single_treated,treated,batch_1,lane_1,-1.1512,,
cell_treated_1312,donor_1,single_treated,treated,batch_1,lane_2,1.155,,
cell_treated_1313,donor_1,single_treated,treated,batch_1,lane_3,0.629,,
cell_treated_1314,donor_1,single_treated,treated,batch_1,lane_1,-0.1093,,
cell_treated_1315,donor_1,single_treated,treated,batch_1,lane_2,-0.313,,
cell_treated_1316,donor_1,single_treated,treated,batch_1,lane_3,0.8708,,
cell_treated_1317,donor_1,single_treated,treated,batch_1,lane_1,-1.0805,,
cell_treated_1318,donor_1,single_treated,treated,batch_1,lane_2,-1.012,,
cell_treated_1319,donor_1,single_treated,treated,batch_1,lane_3,-1.9626,,
cell_treated_1320,donor_1,single_treated,treated,batch_1,lane_1,-0.4272,,
cell_treated_1321,donor_1,single_treated,treated,batch_1,lane_2,0.4448,,
cell_treated_1322,donor_1,single_treated,treated,batch_1,lane_3,-0.3676,,
cell_treated_1323,donor_1,single_treated,treated,batch_1,lane_1,-0.4769,,
cell_treated_1324,donor_1,single_treated,treated,batch_1,lane_2,-1.1007,,
cell_treated_1325,donor_1,single_treated,treated,batch_1,lane_3,-0.7304,,
cell_treated_1326,donor_1,single_treated,treated,batch_1,lane_1,-2.3251,,
cell_treated_1327,donor_1,single_treated,treated,batch_1,lane_2,0.1488,,
cell_treated_1328,donor_1,single_treated,treated,batch_1,lane_3,-1.31,,
cell_treated_1329,donor_1,single_treated,treated,batch_1,lane_1,-2.0046,,
cell_treated_1330,donor_1,single_treated,treated,batch_1,lane_2,-1.6514,,
cell_treated_1331,donor_1,single_treated,treated,batch_1,lane_3,-1.7246,,
cell_treated_1332,donor_1,single_treated,treated,batch_1,lane_1,-0.0447,,
cell_treated_1333,donor_1,single_treated,treated,batch_1,lane_2,0.1582,,
cell_treated_1334,donor_1,single_treated,treated,batch_1,lane_3,-2.2577,,
cell_treated_1335,donor_1,single_treated,treated,batch_1,lane_1,0.0263,,
cell_treated_1336,donor_1,single_treated,treated,batch_1,lane_2,-0.0119,,
cell_treated_1337,donor_1,single_treated,treated,batch_1,lane_3,-1.4793,,
cell_treated_1338,donor_1,single_treated,treated,batch_1,lane_1,-2.3865,,
cell_treated_1339,donor_1,single_treated,treated,batch_1,lane_2,-1.6454,,
cell_treated_1340,donor_1,single_treated,treated,batch_1,lane_3,-1.5338,,
cell_treated_1341,donor_1,single_treated,treated,batch_1,lane_1,-0.5575,,
cell_treated_1342,donor_1,single_treated,treated,batch_1,lane_2,-1.2577,,
cell_treated_1343,donor_1,single_treated,treated,batch_1,lane_3,-2.9283,,
cell_treated_1344,donor_1,single_treated,treated,batch_1,lane_1,-0.6664,,
cell_treated_1345,donor_1,single_treated,treated,batch_1,lane_2,-2.4342,,
cell_treated_1346,donor_1,single_treated,treated,batch_1,lane_3,0.0055,,
cell_treated_1347,donor_1,single_treated,treated,batch_1,lane_1,-2.1068,,
cell_treated_1348,donor_1,single_treated,treated,batch_1,lane_2,-1.5929,,
cell_treated_1349,donor_1,single_treated,treated,batch_1,lane_3,-1.7543,,
cell_treated_1350,donor_1,single_treated,treated,batch_1,lane_1,-1.4426,,
cell_treated_1351,donor_1,single_treated,treated,batch_1,lane_2,0.398,,
cell_treated_1352,donor_1,single_treated,treated,batch_1,lane_3,-0.048,,
cell_treated_1353,donor_1,single_treated,treated,batch_1,lane_1,-0.2983,,
cell_treated_1354,donor_1,single_treated,treated,batch_1,lane_2,-0.5807,,
cell_treated_1355,donor_1,single_treated,treated,batch_1,lane_3,-2.4478,,
cell_treated_1356,donor_1,single_treated,treated,batch_1,lane_1,-1.4207,,
cell_treated_1357,donor_1,single_treated,treated,batch_1,lane_2,-1.4518,,
cell_treated_1358,donor_1,single_treated,treated,batch_1,lane_3,-1.8775,,
cell_treated_1359,donor_1,single_treated,treated,batch_1,lane_1,-0.3909,,
cell_treated_1360,donor_1,single_treated,treated,batch_1,lane_2,-1.6411,,
cell_treated_1361,donor_1,single_treated,treated,batch_1,lane_3,-1.6098,,
cell_treated_1362,donor_1,single_treated,treated,batch_1,lane_1,-1.9444,,
cell_treated_1363,donor_1,single_treated,treated,batch_1,lane_2,-2.9575,,
cell_treated_1364,donor_1,single_treated,treated,batch_1,lane_3,-0.3048,,
cell_treated_1365,donor_1,single_treated,treated,batch_1,lane_1,0.4308,,
cell_treated_1366,donor_1,single_treated,treated,batch_1,lane_2,-0.7252,,
cell_treated_1367,donor_1,single_treated,treated,batch_1,lane_3,-1.8766,,
cell_treated_1368,donor_1,single_treated,treated,batch_1,lane_1,-3.6051,,
cell_treated_1369,donor_1,single_treated,treated,batch_1,lane_2,-0.7271,,
cell_treated_1370,donor_1,single_treated,treated,batch_1,lane_3,0.3163,,
cell_treated_1371,donor_1,single_treated,treated,batch_1,lane_1,-0.6028,,
cell_treated_1372,donor_1,single_treated,treated,batch_1,lane_2,0.0271,,
cell_treated_1373,donor_1,single_treated,treated,batch_1,lane_3,0.5782,,
cell_treated_1374,donor_1,single_treated,treated,batch_1,lane_1,0.2269,,
cell_treated_1375,donor_1,single_treated,treated,batch_1,lane_2,-1.3414,,
cell_treated_1376,donor_1,single_treated,treated,batch_1,lane_3,0.1524,,
cell_treated_1377,donor_1,single_treated,treated,batch_1,lane_1,-0.1243,,
cell_treated_1378,donor_1,single_treated,treated,batch_1,lane_2,-2.437,,
cell_treated_1379,donor_1,single_treated,treated,batch_1,lane_3,-1.3053,,
cell_treated_1380,donor_1,single_treated,treated,batch_1,lane_1,-2.3238,,
cell_treated_1381,donor_1,single_treated,treated,batch_1,lane_2,-1.0093,,
cell_treated_1382,donor_1,single_treated,treated,batch_1,lane_3,-0.3217,,
cell_treated_1383,donor_1,single_treated,treated,batch_1,lane_1,-1.968,,
cell_treated_1384,donor_1,single_treated,treated,batch_1,lane_2,-2.9558,,
cell_treated_1385,donor_1,single_treated,treated,batch_1,lane_3,0.3983,,
cell_treated_1386,donor_1,single_treated,treated,batch_1,lane_1,-0.5232,,
cell_treated_1387,donor_1,single_treated,treated,batch_1,lane_2,0.5712,,
cell_treated_1388,donor_1,single_treated,treated,batch_1,lane_3,-2.2237,,
cell_treated_1389,donor_1,single_treated,treated,batch_1,lane_1,0.1606,,
cell_treated_1390,donor_1,single_treated,treated,batch_1,lane_2,1.1739,,
cell_treated_1391,donor_1,single_treated,treated,batch_1,lane_3,1.1071,,
cell_treated_1392,donor_1,single_treated,treated,batch_1,lane_1,-1.1101,,
cell_treated_1393,donor_1,single_treated,treated,batch_1,lane_2,-0.6308,,
cell_treated_1394,donor_1,single_treated,treated,batch_1,lane_3,-1.054,,
cell_treated_1395,donor_1,single_treated,treated,batch_1,lane_1,0.0984,,
cell_treated_1396,donor_1,single_treated,treated,batch_1,lane_2,0.1378,,
cell_treated_1397,donor_1,single_treated,treated,batch_1,lane_3,-0.813,,
cell_treated_1398,donor_1,single_treated,treated,batch_1,lane_1,-2.2591,,
cell_treated_1399,donor_1,single_treated,treated,batch_1,lane_2,-0.1589,,
cell_treated_1400,donor_1,single_treated,treated,batch_1,lane_3,-1.3698,,
cell_treated_1401,donor_1,single_treated,treated,batch_1,lane_1,-0.2712,,
cell_treated_1402,donor_1,single_treated,treated,batch_1,lane_2,-0.6368,,
cell_treated_1403,donor_1,single_treated,treated,batch_1,lane_3,0.7237,,
cell_treated_1404,donor_1,single_treated,treated,batch_1,lane_1,0.2376,,
cell_treated_1405,donor_1,single_treated,treated,batch_1,lane_2,-1.351,,
cell_treated_1406,donor_1,single_treated,treated,batch_1,lane_3,-0.551,,
cell_treated_1407,donor_1,single_treated,treated,batch_1,lane_1,0.8641,,
cell_treated_1408,donor_1,single_treated,treated,batch_1,lane_2,-1.4373,,
cell_treated_1409,donor_1,single_treated,treated,batch_1,lane_3,-0.4666,,
cell_treated_1410,donor_1,single_treated,treated,batch_1,lane_1,0.2908,,
cell_treated_1411,donor_1,single_treated,treated,batch_1,lane_2,0.3569,,
cell_treated_1412,donor_1,single_treated,treated,batch_1,lane_3,-0.3814,,
cell_treated_1413,donor_1,single_treated,treated,batch_1,lane_1,-2.2202,,
cell_treated_1414,donor_1,single_treated,treated,batch_1,lane_2,-2.161,,
cell_treated_1415,donor_1,single_treated,treated,batch_1,lane_3,-0.6525,,
cell_treated_1416,donor_1,single_treated,treated,batch_1,lane_1,-0.5127,,
cell_treated_1417,donor_1,single_treated,treated,batch_1,lane_2,1.6477,,
cell_treated_1418,donor_1,single_treated,treated,batch_1,lane_3,-1.7614,,
cell_treated_1419,donor_1,single_treated,treated,batch_1,lane_1,0.2378,,
cell_treated_1420,donor_1,single_treated,treated,batch_1,lane_2,-0.1296,,
cell_treated_1421,donor_1,single_treated,treated,batch_1,lane_3,-2.5715,,
cell_treated_1422,donor_1,single_treated,treated,batch_1,lane_1,-1.7183,,
cell_treated_1423,donor_1,single_treated,treated,batch_1,lane_2,-0.7338,,
cell_treated_1424,donor_1,single_treated,treated,batch_1,lane_3,-1.3935,,
cell_treated_1425,donor_1,single_treated,treated,batch_1,lane_1,-1.0544,,
cell_treated_1426,donor_1,single_treated,treated,batch_1,lane_2,-0.4299,,
cell_treated_1427,donor_1,single_treated,treated,batch_1,lane_3,-1.7094,,
cell_treated_1428,donor_1,single_treated,treated,batch_1,lane_1,-0.4336,,
cell_treated_1429,donor_1,single_treated,treated,batch_1,lane_2,-1.5363,,
cell_treated_1430,donor_1,single_treated,treated,batch_1,lane_3,-1.4447,,
cell_treated_1431,donor_1,single_treated,treated,batch_1,lane_1,-0.3632,,
cell_treated_1432,donor_1,single_treated,treated,batch_1,lane_2,-1.4734,,
cell_treated_1433,donor_1,single_treated,treated,batch_1,lane_3,-0.6128,,
cell_treated_1434,donor_1,single_treated,treated,batch_1,lane_1,0.6994,,
cell_treated_1435,donor_1,single_treated,treated,batch_1,lane_2,-0.8729,,
cell_treated_1436,donor_1,single_treated,treated,batch_1,lane_3,-1.0461,,
cell_treated_1437,donor_1,single_treated,treated,batch_1,lane_1,-0.1647,,
cell_treated_1438,donor_1,single_treated,treated,batch_1,lane_2,-1.2656,,
cell_treated_1439,donor_1,single_treated,treated,batch_1,lane_3,0.1828,,
cell_treated_1440,donor_1,single_treated,treated,batch_1,lane_1,-2.1829,,
cell_treated_1441,donor_1,single_treated,treated,batch_1,lane_2,-0.2814,,
cell_treated_1442,donor_1,single_treated,treated,batch_1,lane_3,-1.4121,,
cell_treated_1443,donor_1,single_treated,treated,batch_1,lane_1,-1.6987,,
cell_treated_1444,donor_1,single_treated,treated,batch_1,lane_2,0.8697,,
cell_treated_1445,donor_1,single_treated,treated,batch_1,lane_3,-1.7501,,
cell_treated_1446,donor_1,single_treated,treated,batch_1,lane_1,0.8567,,
cell_treated_1447,donor_1,single_treated,treated,batch_1,lane_2,-0.2417,,
cell_treated_1448,donor_1,single_treated,treated,batch_1,lane_3,0.553,,
cell_treated_1449,donor_1,single_treated,treated,batch_1,lane_1,-1.8768,,
cell_treated_1450,donor_1,single_treated,treated,batch_1,lane_2,0.2989,,
cell_treated_1451,donor_1,single_treated,treated,batch_1,lane_3,0.5568,,
cell_treated_1452,donor_1,single_treated,treated,batch_1,lane_1,-1.0164,,
cell_treated_1453,donor_1,single_treated,treated,batch_1,lane_2,-1.029,,
cell_treated_1454,donor_1,single_treated,treated,batch_1,lane_3,1.556,,
cell_treated_1455,donor_1,single_treated,treated,batch_1,lane_1,-0.7226,,
cell_treated_1456,donor_1,single_treated,treated,batch_1,lane_2,-1.3226,,
cell_treated_1457,donor_1,single_treated,treated,batch_1,lane_3,-1.53,,
cell_treated_1458,donor_1,single_treated,treated,batch_1,lane_1,-0.4541,,
cell_treated_1459,donor_1,single_treated,treated,batch_1,lane_2,-0.5695,,
cell_treated_1460,donor_1,single_treated,treated,batch_1,lane_3,-0.7224,,
cell_treated_1461,donor_1,single_treated,treated,batch_1,lane_1,0.8215,,
cell_treated_1462,donor_1,single_treated,treated,batch_1,lane_2,-1.2279,,
cell_treated_1463,donor_1,single_treated,treated,batch_1,lane_3,-0.4269,,
cell_treated_1464,donor_1,single_treated,treated,batch_1,lane_1,0.5592,,
cell_treated_1465,donor_1,single_treated,treated,batch_1,lane_2,-1.904,,
cell_treated_1466,donor_1,single_treated,treated,batch_1,lane_3,0.1387,,
cell_treated_1467,donor_1,single_treated,treated,batch_1,lane_1,0.9321,,
cell_treated_1468,donor_1,single_treated,treated,batch_1,lane_2,-2.2548,,
cell_treated_1469,donor_1,single_treated,treated,batch_1,lane_3,-1.9975,,
cell_treated_1470,donor_1,single_treated,treated,batch_1,lane_1,-1.9384,,
cell_treated_1471,donor_1,single_treated,treated,batch_1,lane_2,-2.7463,,
cell_treated_1472,donor_1,single_treated,treated,batch_1,lane_3,-0.4473,,
cell_treated_1473,donor_1,single_treated,treated,batch_1,lane_1,-2.7562,,
cell_treated_1474,donor_1,single_treated,treated,batch_1,lane_2,-0.4012,,
cell_treated_1475,donor_1,single_treated,treated,batch_1,lane_3,0.5531,,
cell_treated_1476,donor_1,single_treated,treated,batch_1,lane_1,-2.5152,,
cell_treated_1477,donor_1,single_treated,treated,batch_1,lane_2,-1.2165,,
cell_treated_1478,donor_1,single_treated,treated,batch_1,lane_3,-2.818,,
cell_treated_1479,donor_1,single_treated,treated,batch_1,lane_1,-0.1208,,
cell_treated_1480,donor_1,single_treated,treated,batch_1,lane_2,-1.6374,,
cell_treated_1481,donor_1,single_treated,treated,batch_1,lane_3,-1.1658,,
cell_treated_1482,donor_1,single_treated,treated,batch_1,lane_1,-0.8456,,
cell_treated_1483,donor_1,single_treated,treated,batch_1,lane_2,-0.3549,,
cell_treated_1484,donor_1,single_treated,treated,batch_1,lane_3,-1.2468,,
cell_treated_1485,donor_1,single_treated,treated,batch_1,lane_1,-0.8849,,
cell_treated_1486,donor_1,single_treated,treated,batch_1,lane_2,-1.4466,,
cell_treated_1487,donor_1,single_treated,treated,batch_1,lane_3,-0.7853,,
cell_treated_1488,donor_1,single_treated,treated,batch_1,lane_1,-2.0726,,
cell_treated_1489,donor_1,single_treated,treated,batch_1,lane_2,-0.8364,,
cell_treated_1490,donor_1,single_treated,treated,batch_1,lane_3,-2.8322,,
cell_treated_1491,donor_1,single_treated,treated,batch_1,lane_1,-1.3902,,
cell_treated_1492,donor_1,single_treated,treated,batch_1,lane_2,1.0153,,
cell_treated_1493,donor_1,single_treated,treated,batch_1,lane_3,-0.8204,,
cell_treated_1494,donor_1,single_treated,treated,batch_1,lane_1,-2.16,,
cell_treated_1495,donor_1,single_treated,treated,batch_1,lane_2,-0.6429,,
cell_treated_1496,donor_1,single_treated,treated,batch_1,lane_3,-1.8724,,
cell_treated_1497,donor_1,single_treated,treated,batch_1,lane_1,-2.5513,,
cell_treated_1498,donor_1,single_treated,treated,batch_1,lane_2,-1.6365,,
cell_treated_1499,donor_1,single_treated,treated,batch_1,lane_3,-0.1631,,
cell_control_0,donor_1,single_control,control,batch_1,lane_1,0.3839,,
cell_control_1,donor_1,single_control,control,batch_1,lane_2,-0.097,,
cell_control_2,donor_1,single_control,control,batch_1,lane_3,-0.9266,,
cell_control_3,donor_1,single_control,control,batch_1,lane_1,-1.0786,,
cell_control_4,donor_1,single_control,control,batch_1,lane_2,1.3497,,
cell_control_5,donor_1,single_control,control,batch_1,lane_3,0.2446,,
cell_control_6,donor_1,single_control,control,batch_1,lane_1,-0.9517,,
cell_control_7,donor_1,single_control,control,batch_1,lane_2,-2.1109,,
cell_control_8,donor_1,single_control,control,batch_1,lane_3,-1.37,,
cell_control_9,donor_1,single_control,control,batch_1,lane_1,2.4751,,
cell_control_10,donor_1,single_control,control,batch_1,lane_2,-1.1489,,
cell_control_11,donor_1,single_control,control,batch_1,lane_3,-0.0768,,
cell_control_12,donor_1,single_control,control,batch_1,lane_1,0.2101,,
cell_control_13,donor_1,single_control,control,batch_1,lane_2,-0.1576,,
cell_control_14,donor_1,single_control,control,batch_1,lane_3,-0.2782,,
cell_control_15,donor_1,single_control,control,batch_1,lane_1,-1.3732,,
cell_control_16,donor_1,single_control,control,batch_1,lane_2,-1.0511,,
cell_control_17,donor_1,single_control,control,batch_1,lane_3,1.6887,,
cell_control_18,donor_1,single_control,control,batch_1,lane_1,-0.7564,,
cell_control_19,donor_1,single_control,control,batch_1,lane_2,0.8455,,
cell_control_20,donor_1,single_control,control,batch_1,lane_3,-1.6939,,
cell_control_21,donor_1,single_control,control,batch_1,lane_1,-0.2742,,
cell_control_22,donor_1,single_control,control,batch_1,lane_2,0.2611,,
cell_control_23,donor_1,single_control,control,batch_1,lane_3,1.0365,,
cell_control_24,donor_1,single_control,control,batch_1,lane_1,-1.1227,,
cell_control_25,donor_1,single_control,control,batch_1,lane_2,0.5954,,
cell_control_26,donor_1,single_control,control,batch_1,lane_3,0.386,,
cell_control_27,donor_1,single_control,control,batch_1,lane_1,-0.7377,,
cell_control_28,donor_1,single_control,control,batch_1,lane_2,0.4772,,
cell_control_29,donor_1,single_control,control,batch_1,lane_3,-0.898,,
cell_control_30,donor_1,single_control,control,batch_1,lane_1,-0.7961,,
cell_control_31,donor_1,single_control,control,batch_1,lane_2,-0.0188,,
cell_control_32,donor_1,single_control,control,batch_1,lane_3,-2.7139,,
cell_control_33,donor_1,single_control,control,batch_1,lane_1,-0.1096,,
cell_control_34,donor_1,single_control,control,batch_1,lane_2,-1.0001,,
cell_control_35,donor_1,single_control,control,batch_1,lane_3,-1.4628,,
cell_control_36,donor_1,single_control,control,batch_1,lane_1,-0.4251,,
cell_control_37,donor_1,single_control,control,batch_1,lane_2,0.763,,
cell_control_38,donor_1,single_control,control,batch_1,lane_3,-0.4044,,
cell_control_39,donor_1,single_control,control,batch_1,lane_1,1.2659,,
cell_control_40,donor_1,single_control,control,batch_1,lane_2,-1.1596,,
cell_control_41,donor_1,single_control,control,batch_1,lane_3,-1.3123,,
cell_control_42,donor_1,single_control,control,batch_1,lane_1,1.5512,,
cell_control_43,donor_1,single_control,control,batch_1,lane_2,0.3988,,
cell_control_44,donor_1,single_control,control,batch_1,lane_3,0.945,,
cell_control_45,donor_1,single_control,control,batch_1,lane_1,-0.8268,,
cell_control_46,donor_1,single_control,control,batch_1,lane_2,0.8044,,
cell_control_47,donor_1,single_control,control,batch_1,lane_3,0.2597,,
cell_control_48,donor_1,single_control,control,batch_1,lane_1,0.6486,,
cell_control_49,donor_1,single_control,control,batch_1,lane_2,0.0253,,
cell_control_50,donor_1,single_control,control,batch_1,lane_3,1.2063,,
cell_control_51,donor_1,single_control,control,batch_1,lane_1,-0.6491,,
cell_control_52,donor_1,single_control,control,batch_1,lane_2,-0.9638,,
cell_control_53,donor_1,single_control,control,batch_1,lane_3,-1.4776,,
cell_control_54,donor_1,single_control,control,batch_1,lane_1,1.1606,,
cell_control_55,donor_1,single_control,control,batch_1,lane_2,-0.7384,,
cell_control_56,donor_1,single_control,control,batch_1,lane_3,-1.0432,,
cell_control_57,donor_1,single_control,control,batch_1,lane_1,-0.9397,,
cell_control_58,donor_1,single_control,control,batch_1,lane_2,-0.4451,,
cell_control_59,donor_1,single_control,control,batch_1,lane_3,-1.2713,,
cell_control_60,donor_1,single_control,control,batch_1,lane_1,-0.2905,,
cell_control_61,donor_1,single_control,control,batch_1,lane_2,-0.6272,,
cell_control_62,donor_1,single_control,control,batch_1,lane_3,-0.5513,,
cell_control_63,donor_1,single_control,control,batch_1,lane_1,-0.9595,,
cell_control_64,donor_1,single_control,control,batch_1,lane_2,0.0368,,
cell_control_65,donor_1,single_control,control,batch_1,lane_3,-0.4609,,
cell_control_66,donor_1,single_control,control,batch_1,lane_1,0.1149,,
cell_control_67,donor_1,single_control,control,batch_1,lane_2,0.2493,,
cell_control_68,donor_1,single_control,control,batch_1,lane_3,0.3402,,
cell_control_69,donor_1,single_control,control,batch_1,lane_1,-2.1893,,
cell_control_70,donor_1,single_control,control,batch_1,lane_2,-0.5357,,
cell_control_71,donor_1,single_control,control,batch_1,lane_3,-0.7959,,
cell_control_72,donor_1,single_control,control,batch_1,lane_1,0.7743,,
cell_control_73,donor_1,single_control,control,batch_1,lane_2,-1.5777,,
cell_control_74,donor_1,single_control,control,batch_1,lane_3,-0.7145,,
cell_control_75,donor_1,single_control,control,batch_1,lane_1,-0.2939,,
cell_control_76,donor_1,single_control,control,batch_1,lane_2,-0.3362,,
cell_control_77,donor_1,single_control,control,batch_1,lane_3,0.9913,,
cell_control_78,donor_1,single_control,control,batch_1,lane_1,-0.4427,,
cell_control_79,donor_1,single_control,control,batch_1,lane_2,0.9647,,
cell_control_80,donor_1,single_control,control,batch_1,lane_3,-1.4656,,
cell_control_81,donor_1,single_control,control,batch_1,lane_1,-1.8122,,
cell_control_82,donor_1,single_control,control,batch_1,lane_2,1.2193,,
cell_control_83,donor_1,single_control,control,batch_1,lane_3,0.4357,,
cell_control_84,donor_1,single_control,control,batch_1,lane_1,0.4877,,
cell_control_85,donor_1,single_control,control,batch_1,lane_2,0.1232,,
cell_control_86,donor_1,single_control,control,batch_1,lane_3,0.4843,,
cell_control_87,donor_1,single_control,control,batch_1,lane_1,-1.2158,,
cell_control_88,donor_1,single_control,control,batch_1,lane_2,0.9485,,
cell_control_89,donor_1,single_control,control,batch_1,lane_3,-0.5321,,
cell_control_90,donor_1,single_control,control,batch_1,lane_1,0.9857,,
cell_control_91,donor_1,single_control,control,batch_1,lane_2,0.0877,,
cell_control_92,donor_1,single_control,control,batch_1,lane_3,-1.9737,,
cell_control_93,donor_1,single_control,control,batch_1,lane_1,-1.2871,,
cell_control_94,donor_1,single_control,control,batch_1,lane_2,1.1277,,
cell_control_95,donor_1,single_control,control,batch_1,lane_3,-0.1368,,
cell_control_96,donor_1,single_control,control,batch_1,lane_1,-0.3955,,
cell_control_97,donor_1,single_control,control,batch_1,lane_2,0.2426,,
cell_control_98,donor_1,single_control,control,batch_1,lane_3,-0.4251,,
cell_control_99,donor_1,single_control,control,batch_1,lane_1,-0.5445,,
cell_control_100,donor_1,single_control,control,batch_1,lane_2,0.1024,,
cell_control_101,donor_1,single_control,control,batch_1,lane_3,0.1443,,
cell_control_102,donor_1,single_control,control,batch_1,lane_1,1.5167,,
cell_control_103,donor_1,single_control,control,batch_1,lane_2,0.0456,,
cell_control_104,donor_1,single_control,control,batch_1,lane_3,1.8798,,
cell_control_105,donor_1,single_control,control,batch_1,lane_1,1.8027,,
cell_control_106,donor_1,single_control,control,batch_1,lane_2,1.7166,,
cell_control_107,donor_1,single_control,control,batch_1,lane_3,1.0615,,
cell_control_108,donor_1,single_control,control,batch_1,lane_1,0.1305,,
cell_control_109,donor_1,single_control,control,batch_1,lane_2,0.1372,,
cell_control_110,donor_1,single_control,control,batch_1,lane_3,-0.1426,,
cell_control_111,donor_1,single_control,control,batch_1,lane_1,-0.7311,,
cell_control_112,donor_1,single_control,control,batch_1,lane_2,-0.0664,,
cell_control_113,donor_1,single_control,control,batch_1,lane_3,-0.6408,,
cell_control_114,donor_1,single_control,control,batch_1,lane_1,1.6398,,
cell_control_115,donor_1,single_control,control,batch_1,lane_2,0.5344,,
cell_control_116,donor_1,single_control,control,batch_1,lane_3,-0.4465,,
cell_control_117,donor_1,single_control,control,batch_1,lane_1,-1.9156,,
cell_control_118,donor_1,single_control,control,batch_1,lane_2,-0.0533,,
cell_control_119,donor_1,single_control,control,batch_1,lane_3,-0.4163,,
cell_control_120,donor_1,single_control,control,batch_1,lane_1,-1.0858,,
cell_control_121,donor_1,single_control,control,batch_1,lane_2,-1.1364,,
cell_control_122,donor_1,single_control,control,batch_1,lane_3,-2.2501,,
cell_control_123,donor_1,single_control,control,batch_1,lane_1,0.569,,
cell_control_124,donor_1,single_control,control,batch_1,lane_2,-0.0657,,
cell_control_125,donor_1,single_control,control,batch_1,lane_3,2.581,,
cell_control_126,donor_1,single_control,control,batch_1,lane_1,-0.031,,
cell_control_127,donor_1,single_control,control,batch_1,lane_2,-0.1482,,
cell_control_128,donor_1,single_control,control,batch_1,lane_3,1.4442,,
cell_control_129,donor_1,single_control,control,batch_1,lane_1,0.134,,
cell_control_130,donor_1,single_control,control,batch_1,lane_2,0.1673,,
cell_control_131,donor_1,single_control,control,batch_1,lane_3,-0.3716,,
cell_control_132,donor_1,single_control,control,batch_1,lane_1,-0.6053,,
cell_control_133,donor_1,single_control,control,batch_1,lane_2,1.4994,,
cell_control_134,donor_1,single_control,control,batch_1,lane_3,1.0005,,
cell_control_135,donor_1,single_control,control,batch_1,lane_1,1.7161,,
cell_control_136,donor_1,single_control,control,batch_1,lane_2,-0.3498,,
cell_control_137,donor_1,single_control,control,batch_1,lane_3,0.0301,,
cell_control_138,donor_1,single_control,control,batch_1,lane_1,-0.8808,,
cell_control_139,donor_1,single_control,control,batch_1,lane_2,0.9672,,
cell_control_140,donor_1,single_control,control,batch_1,lane_3,-1.3931,,
cell_control_141,donor_1,single_control,control,batch_1,lane_1,0.5645,,
cell_control_142,donor_1,single_control,control,batch_1,lane_2,1.096,,
cell_control_143,donor_1,single_control,control,batch_1,lane_3,1.4112,,
cell_control_144,donor_1,single_control,control,batch_1,lane_1,-0.9398,,
cell_control_145,donor_1,single_control,control,batch_1,lane_2,1.0897,,
cell_control_146,donor_1,single_control,control,batch_1,lane_3,-0.7136,,
cell_control_147,donor_1,single_control,control,batch_1,lane_1,-0.7571,,
cell_control_148,donor_1,single_control,control,batch_1,lane_2,-1.3231,,
cell_control_149,donor_1,single_control,control,batch_1,lane_3,1.1556,,
cell_control_150,donor_1,single_control,control,batch_1,lane_1,1.6485,,
cell_control_151,donor_1,single_control,control,batch_1,lane_2,-0.5944,,
cell_control_152,donor_1,single_control,control,batch_1,lane_3,-0.7595,,
cell_control_153,donor_1,single_control,control,batch_1,lane_1,-0.339,,
cell_control_154,donor_1,single_control,control,batch_1,lane_2,2.5073,,
cell_control_155,donor_1,single_control,control,batch_1,lane_3,1.0044,,
cell_control_156,donor_1,single_control,control,batch_1,lane_1,-0.5425,,
cell_control_157,donor_1,single_control,control,batch_1,lane_2,-1.7942,,
cell_control_158,donor_1,single_control,control,batch_1,lane_3,-0.6726,,
cell_control_159,donor_1,single_control,control,batch_1,lane_1,1.1872,,
cell_control_160,donor_1,single_control,control,batch_1,lane_2,1.8677,,
cell_control_161,donor_1,single_control,control,batch_1,lane_3,-0.2664,,
cell_control_162,donor_1,single_control,control,batch_1,lane_1,-0.6914,,
cell_control_163,donor_1,single_control,control,batch_1,lane_2,-0.5099,,
cell_control_164,donor_1,single_control,control,batch_1,lane_3,-1.8857,,
cell_control_165,donor_1,single_control,control,batch_1,lane_1,0.9082,,
cell_control_166,donor_1,single_control,control,batch_1,lane_2,-1.0858,,
cell_control_167,donor_1,single_control,control,batch_1,lane_3,1.0632,,
cell_control_168,donor_1,single_control,control,batch_1,lane_1,-1.7076,,
cell_control_169,donor_1,single_control,control,batch_1,lane_2,-1.2701,,
cell_control_170,donor_1,single_control,control,batch_1,lane_3,0.2884,,
cell_control_171,donor_1,single_control,control,batch_1,lane_1,-0.7636,,
cell_control_172,donor_1,single_control,control,batch_1,lane_2,0.7813,,
cell_control_173,donor_1,single_control,control,batch_1,lane_3,0.0083,,
cell_control_174,donor_1,single_control,control,batch_1,lane_1,-1.1747,,
cell_control_175,donor_1,single_control,control,batch_1,lane_2,0.622,,
cell_control_176,donor_1,single_control,control,batch_1,lane_3,0.8419,,
cell_control_177,donor_1,single_control,control,batch_1,lane_1,-1.913,,
cell_control_178,donor_1,single_control,control,batch_1,lane_2,1.8262,,
cell_control_179,donor_1,single_control,control,batch_1,lane_3,0.4971,,
cell_control_180,donor_1,single_control,control,batch_1,lane_1,0.7603,,
cell_control_181,donor_1,single_control,control,batch_1,lane_2,-1.8601,,
cell_control_182,donor_1,single_control,control,batch_1,lane_3,-0.7197,,
cell_control_183,donor_1,single_control,control,batch_1,lane_1,-0.3493,,
cell_control_184,donor_1,single_control,control,batch_1,lane_2,1.0771,,
cell_control_185,donor_1,single_control,control,batch_1,lane_3,-1.4596,,
cell_control_186,donor_1,single_control,control,batch_1,lane_1,-0.8838,,
cell_control_187,donor_1,single_control,control,batch_1,lane_2,-2.0297,,
cell_control_188,donor_1,single_control,control,batch_1,lane_3,-0.2411,,
cell_control_189,donor_1,single_control,control,batch_1,lane_1,0.346,,
cell_control_190,donor_1,single_control,control,batch_1,lane_2,-1.6862,,
cell_control_191,donor_1,single_control,control,batch_1,lane_3,-0.5913,,
cell_control_192,donor_1,single_control,control,batch_1,lane_1,0.5104,,
cell_control_193,donor_1,single_control,control,batch_1,lane_2,1.5854,,
cell_control_194,donor_1,single_control,control,batch_1,lane_3,0.6641,,
cell_control_195,donor_1,single_control,control,batch_1,lane_1,-0.3037,,
cell_control_196,donor_1,single_control,control,batch_1,lane_2,-1.1779,,
cell_control_197,donor_1,single_control,control,batch_1,lane_3,-0.9364,,
cell_control_198,donor_1,single_control,control,batch_1,lane_1,-0.6642,,
cell_control_199,donor_1,single_control,control,batch_1,lane_2,0.1471,,
cell_control_200,donor_1,single_control,control,batch_1,lane_3,-0.0496,,
cell_control_201,donor_1,single_control,control,batch_1,lane_1,1.6671,,
cell_control_202,donor_1,single_control,control,batch_1,lane_2,0.2872,,
cell_control_203,donor_1,single_control,control,batch_1,lane_3,-1.0718,,
cell_control_204,donor_1,single_control,control,batch_1,lane_1,1.5443,,
cell_control_205,donor_1,single_control,control,batch_1,lane_2,0.9491,,
cell_control_206,donor_1,single_control,control,batch_1,lane_3,0.1011,,
cell_control_207,donor_1,single_control,control,batch_1,lane_1,-0.7211,,
cell_control_208,donor_1,single_control,control,batch_1,lane_2,-1.8708,,
cell_control_209,donor_1,single_control,control,batch_1,lane_3,-1.0222,,
cell_control_210,donor_1,single_control,control,batch_1,lane_1,0.9117,,
cell_control_211,donor_1,single_control,control,batch_1,lane_2,-0.8028,,
cell_control_212,donor_1,single_control,control,batch_1,lane_3,-1.3197,,
cell_control_213,donor_1,single_control,control,batch_1,lane_1,0.1956,,
cell_control_214,donor_1,single_control,control,batch_1,lane_2,0.2438,,
cell_control_215,donor_1,single_control,control,batch_1,lane_3,0.6064,,
cell_control_216,donor_1,single_control,control,batch_1,lane_1,0.6555,,
cell_control_217,donor_1,single_control,control,batch_1,lane_2,1.409,,
cell_control_218,donor_1,single_control,control,batch_1,lane_3,-0.8393,,
cell_control_219,donor_1,single_control,control,batch_1,lane_1,0.9786,,
cell_control_220,donor_1,single_control,control,batch_1,lane_2,-0.9873,,
cell_control_221,donor_1,single_control,control,batch_1,lane_3,0.694,,
cell_control_222,donor_1,single_control,control,batch_1,lane_1,0.1791,,
cell_control_223,donor_1,single_control,control,batch_1,lane_2,0.2433,,
cell_control_224,donor_1,single_control,control,batch_1,lane_3,0.9678,,
cell_control_225,donor_1,single_control,control,batch_1,lane_1,-0.0174,,
cell_control_226,donor_1,single_control,control,batch_1,lane_2,1.1123,,
cell_control_227,donor_1,single_control,control,batch_1,lane_3,0.8754,,
cell_control_228,donor_1,single_control,control,batch_1,lane_1,0.1355,,
cell_control_229,donor_1,single_control,control,batch_1,lane_2,-0.5668,,
cell_control_230,donor_1,single_control,control,batch_1,lane_3,-0.7535,,
cell_control_231,donor_1,single_control,control,batch_1,lane_1,-0.5275,,
cell_control_232,donor_1,single_control,control,batch_1,lane_2,-0.2024,,
cell_control_233,donor_1,single_control,control,batch_1,lane_3,-0.0249,,
cell_control_234,donor_1,single_control,control,batch_1,lane_1,2.9808,,
cell_control_235,donor_1,single_control,control,batch_1,lane_2,0.6384,,
cell_control_236,donor_1,single_control,control,batch_1,lane_3,0.7692,,
cell_control_237,donor_1,single_control,control,batch_1,lane_1,-0.8606,,
cell_control_238,donor_1,single_control,control,batch_1,lane_2,-0.7104,,
cell_control_239,donor_1,single_control,control,batch_1,lane_3,-0.3191,,
cell_control_240,donor_1,single_control,control,batch_1,lane_1,0.1922,,
cell_control_241,donor_1,single_control,control,batch_1,lane_2,-1.0359,,
cell_control_242,donor_1,single_control,control,batch_1,lane_3,1.6119,,
cell_control_243,donor_1,single_control,control,batch_1,lane_1,-0.5632,,
cell_control_244,donor_1,single_control,control,batch_1,lane_2,1.0783,,
cell_control_245,donor_1,single_control,control,batch_1,lane_3,-2.3359,,
cell_control_246,donor_1,single_control,control,batch_1,lane_1,-0.007,,
cell_control_247,donor_1,single_control,control,batch_1,lane_2,0.2778,,
cell_control_248,donor_1,single_control,control,batch_1,lane_3,0.1914,,
cell_control_249,donor_1,single_control,control,batch_1,lane_1,0.6017,,
cell_control_250,donor_1,single_control,control,batch_1,lane_2,0.2799,,
cell_control_251,donor_1,single_control,control,batch_1,lane_3,0.1623,,
cell_control_252,donor_1,single_control,control,batch_1,lane_1,-1.8925,,
cell_control_253,donor_1,single_control,control,batch_1,lane_2,-0.7135,,
cell_control_254,donor_1,single_control,control,batch_1,lane_3,-2.3426,,
cell_control_255,donor_1,single_control,control,batch_1,lane_1,0.6285,,
cell_control_256,donor_1,single_control,control,batch_1,lane_2,0.3074,,
cell_control_257,donor_1,single_control,control,batch_1,lane_3,-0.1953,,
cell_control_258,donor_1,single_control,control,batch_1,lane_1,-0.8214,,
cell_control_259,donor_1,single_control,control,batch_1,lane_2,-0.5817,,
cell_control_260,donor_1,single_control,control,batch_1,lane_3,1.8455,,
cell_control_261,donor_1,single_control,control,batch_1,lane_1,1.7312,,
cell_control_262,donor_1,single_control,control,batch_1,lane_2,-0.0583,,
cell_control_263,donor_1,single_control,control,batch_1,lane_3,1.288,,
cell_control_264,donor_1,single_control,control,batch_1,lane_1,-1.588,,
cell_control_265,donor_1,single_control,control,batch_1,lane_2,-1.9351,,
cell_control_266,donor_1,single_control,control,batch_1,lane_3,-0.483,,
cell_control_267,donor_1,single_control,control,batch_1,lane_1,-0.875,,
cell_control_268,donor_1,single_control,control,batch_1,lane_2,-0.5592,,
cell_control_269,donor_1,single_control,control,batch_1,lane_3,0.1881,,
cell_control_270,donor_1,single_control,control,batch_1,lane_1,3.0249,,
cell_control_271,donor_1,single_control,control,batch_1,lane_2,-0.6608,,
cell_control_272,donor_1,single_control,control,batch_1,lane_3,0.0496,,
cell_control_273,donor_1,single_control,control,batch_1,lane_1,0.2763,,
cell_control_274,donor_1,single_control,control,batch_1,lane_2,-0.0343,,
cell_control_275,donor_1,single_control,control,batch_1,lane_3,0.9309,,
cell_control_276,donor_1,single_control,control,batch_1,lane_1,1.7755,,
cell_control_277,donor_1,single_control,control,batch_1,lane_2,-1.2436,,
cell_control_278,donor_1,single_control,control,batch_1,lane_3,0.1617,,
cell_control_279,donor_1,single_control,control,batch_1,lane_1,-0.265,,
cell_control_280,donor_1,single_control,control,batch_1,lane_2,0.3563,,
cell_control_281,donor_1,single_control,control,batch_1,lane_3,-1.5317,,
cell_control_282,donor_1,single_control,control,batch_1,lane_1,-1.7579,,
cell_control_283,donor_1,single_control,control,batch_1,lane_2,-2.3166,,
cell_control_284,donor_1,single_control,control,batch_1,lane_3,0.5253,,
cell_control_285,donor_1,single_control,control,batch_1,lane_1,0.192,,
cell_control_286,donor_1,single_control,control,batch_1,lane_2,0.0736,,
cell_control_287,donor_1,single_control,control,batch_1,lane_3,-2.3666,,
cell_control_288,donor_1,single_control,control,batch_1,lane_1,-0.3736,,
cell_control_289,donor_1,single_control,control,batch_1,lane_2,-0.7552,,
cell_control_290,donor_1,single_control,control,batch_1,lane_3,-1.4137,,
cell_control_291,donor_1,single_control,control,batch_1,lane_1,-0.9155,,
cell_control_292,donor_1,single_control,control,batch_1,lane_2,0.6977,,
cell_control_293,donor_1,single_control,control,batch_1,lane_3,0.5441,,
cell_control_294,donor_1,single_control,control,batch_1,lane_1,-0.0227,,
cell_control_295,donor_1,single_control,control,batch_1,lane_2,0.5144,,
cell_control_296,donor_1,single_control,control,batch_1,lane_3,-0.6035,,
cell_control_297,donor_1,single_control,control,batch_1,lane_1,0.0712,,
cell_control_298,donor_1,single_control,control,batch_1,lane_2,0.0403,,
cell_control_299,donor_1,single_control,control,batch_1,lane_3,0.5544,,
cell_control_300,donor_1,single_control,control,batch_1,lane_1,-0.07,,
cell_control_301,donor_1,single_control,control,batch_1,lane_2,-0.1432,,
cell_control_302,donor_1,single_control,control,batch_1,lane_3,-0.1347,,
cell_control_303,donor_1,single_control,control,batch_1,lane_1,-0.6449,,
cell_control_304,donor_1,single_control,control,batch_1,lane_2,2.2336,,
cell_control_305,donor_1,single_control,control,batch_1,lane_3,0.5142,,
cell_control_306,donor_1,single_control,control,batch_1,lane_1,0.4289,,
cell_control_307,donor_1,single_control,control,batch_1,lane_2,2.2916,,
cell_control_308,donor_1,single_control,control,batch_1,lane_3,1.403,,
cell_control_309,donor_1,single_control,control,batch_1,lane_1,-1.5565,,
cell_control_310,donor_1,single_control,control,batch_1,lane_2,0.6953,,
cell_control_311,donor_1,single_control,control,batch_1,lane_3,0.838,,
cell_control_312,donor_1,single_control,control,batch_1,lane_1,1.8849,,
cell_control_313,donor_1,single_control,control,batch_1,lane_2,1.3157,,
cell_control_314,donor_1,single_control,control,batch_1,lane_3,0.7706,,
cell_control_315,donor_1,single_control,control,batch_1,lane_1,-1.1772,,
cell_control_316,donor_1,single_control,control,batch_1,lane_2,-0.8707,,
cell_control_317,donor_1,single_control,control,batch_1,lane_3,0.2689,,
cell_control_318,donor_1,single_control,control,batch_1,lane_1,0.5049,,
cell_control_319,donor_1,single_control,control,batch_1,lane_2,-1.0215,,
cell_control_320,donor_1,single_control,control,batch_1,lane_3,-0.3846,,
cell_control_321,donor_1,single_control,control,batch_1,lane_1,-0.4003,,
cell_control_322,donor_1,single_control,control,batch_1,lane_2,0.0606,,
cell_control_323,donor_1,single_control,control,batch_1,lane_3,0.3363,,
cell_control_324,donor_1,single_control,control,batch_1,lane_1,-0.2869,,
cell_control_325,donor_1,single_control,control,batch_1,lane_2,-1.2368,,
cell_control_326,donor_1,single_control,control,batch_1,lane_3,1.2427,,
cell_control_327,donor_1,single_control,control,batch_1,lane_1,1.596,,
cell_control_328,donor_1,single_control,control,batch_1,lane_2,-0.1059,,
cell_control_329,donor_1,single_control,control,batch_1,lane_3,1.0247,,
cell_control_330,donor_1,single_control,control,batch_1,lane_1,0.4442,,
cell_control_331,donor_1,single_control,control,batch_1,lane_2,0.6597,,
cell_control_332,donor_1,single_control,control,batch_1,lane_3,0.4815,,
cell_control_333,donor_1,single_control,control,batch_1,lane_1,-0.7633,,
cell_control_334,donor_1,single_control,control,batch_1,lane_2,0.5739,,
cell_control_335,donor_1,single_control,control,batch_1,lane_3,1.0106,,
cell_control_336,donor_1,single_control,control,batch_1,lane_1,-0.8963,,
cell_control_337,donor_1,single_control,control,batch_1,lane_2,1.9663,,
cell_control_338,donor_1,single_control,control,batch_1,lane_3,2.0898,,
cell_control_339,donor_1,single_control,control,batch_1,lane_1,1.8231,,
cell_control_340,donor_1,single_control,control,batch_1,lane_2,1.9892,,
cell_control_341,donor_1,single_control,control,batch_1,lane_3,0.7424,,
cell_control_342,donor_1,single_control,control,batch_1,lane_1,-0.3383,,
cell_control_343,donor_1,single_control,control,batch_1,lane_2,-0.5999,,
cell_control_344,donor_1,single_control,control,batch_1,lane_3,-0.813,,
cell_control_345,donor_1,single_control,control,batch_1,lane_1,0.1159,,
cell_control_346,donor_1,single_control,control,batch_1,lane_2,-0.0328,,
cell_control_347,donor_1,single_control,control,batch_1,lane_3,0.6703,,
cell_control_348,donor_1,single_control,control,batch_1,lane_1,-2.0199,,
cell_control_349,donor_1,single_control,control,batch_1,lane_2,2.3121,,
cell_control_350,donor_1,single_control,control,batch_1,lane_3,2.2764,,
cell_control_351,donor_1,single_control,control,batch_1,lane_1,-0.0274,,
cell_control_352,donor_1,single_control,control,batch_1,lane_2,0.6761,,
cell_control_353,donor_1,single_control,control,batch_1,lane_3,0.4756,,
cell_control_354,donor_1,single_control,control,batch_1,lane_1,0.2735,,
cell_control_355,donor_1,single_control,control,batch_1,lane_2,-0.2088,,
cell_control_356,donor_1,single_control,control,batch_1,lane_3,-0.1228,,
cell_control_357,donor_1,single_control,control,batch_1,lane_1,-0.8245,,
cell_control_358,donor_1,single_control,control,batch_1,lane_2,0.1782,,
cell_control_359,donor_1,single_control,control,batch_1,lane_3,-0.0241,,
cell_control_360,donor_1,single_control,control,batch_1,lane_1,0.3202,,
cell_control_361,donor_1,single_control,control,batch_1,lane_2,-0.8551,,
cell_control_362,donor_1,single_control,control,batch_1,lane_3,0.0395,,
cell_control_363,donor_1,single_control,control,batch_1,lane_1,0.0478,,
cell_control_364,donor_1,single_control,control,batch_1,lane_2,0.6042,,
cell_control_365,donor_1,single_control,control,batch_1,lane_3,-1.0633,,
cell_control_366,donor_1,single_control,control,batch_1,lane_1,0.4195,,
cell_control_367,donor_1,single_control,control,batch_1,lane_2,0.9832,,
cell_control_368,donor_1,single_control,control,batch_1,lane_3,0.5972,,
cell_control_369,donor_1,single_control,control,batch_1,lane_1,-0.3686,,
cell_control_370,donor_1,single_control,control,batch_1,lane_2,-0.4913,,
cell_control_371,donor_1,single_control,control,batch_1,lane_3,-0.2363,,
cell_control_372,donor_1,single_control,control,batch_1,lane_1,0.7292,,
cell_control_373,donor_1,single_control,control,batch_1,lane_2,1.5529,,
cell_control_374,donor_1,single_control,control,batch_1,lane_3,-0.1581,,
cell_control_375,donor_1,single_control,control,batch_1,lane_1,-0.6427,,
cell_control_376,donor_1,single_control,control,batch_1,lane_2,0.3758,,
cell_control_377,donor_1,single_control,control,batch_1,lane_3,0.2043,,
cell_control_378,donor_1,single_control,control,batch_1,lane_1,-0.908,,
cell_control_379,donor_1,single_control,control,batch_1,lane_2,-0.7374,,
cell_control_380,donor_1,single_control,control,batch_1,lane_3,-0.1016,,
cell_control_381,donor_1,single_control,control,batch_1,lane_1,0.6716,,
cell_control_382,donor_1,single_control,control,batch_1,lane_2,-1.1932,,
cell_control_383,donor_1,single_control,control,batch_1,lane_3,-1.0182,,
cell_control_384,donor_1,single_control,control,batch_1,lane_1,0.4991,,
cell_control_385,donor_1,single_control,control,batch_1,lane_2,-1.2247,,
cell_control_386,donor_1,single_control,control,batch_1,lane_3,0.1089,,
cell_control_387,donor_1,single_control,control,batch_1,lane_1,0.3522,,
cell_control_388,donor_1,single_control,control,batch_1,lane_2,-0.111,,
cell_control_389,donor_1,single_control,control,batch_1,lane_3,-1.0181,,
cell_control_390,donor_1,single_control,control,batch_1,lane_1,-0.0598,,
cell_control_391,donor_1,single_control,control,batch_1,lane_2,-0.3322,,
cell_control_392,donor_1,single_control,control,batch_1,lane_3,0.3361,,
cell_control_393,donor_1,single_control,control,batch_1,lane_1,-0.8388,,
cell_control_394,donor_1,single_control,control,batch_1,lane_2,1.0915,,
cell_control_395,donor_1,single_control,control,batch_1,lane_3,-1.6752,,
cell_control_396,donor_1,single_control,control,batch_1,lane_1,-0.1763,,
cell_control_397,donor_1,single_control,control,batch_1,lane_2,0.0077,,
cell_control_398,donor_1,single_control,control,batch_1,lane_3,0.9616,,
cell_control_399,donor_1,single_control,control,batch_1,lane_1,-0.6084,,
cell_control_400,donor_1,single_control,control,batch_1,lane_2,0.5459,,
cell_control_401,donor_1,single_control,control,batch_1,lane_3,-0.5668,,
cell_control_402,donor_1,single_control,control,batch_1,lane_1,0.7382,,
cell_control_403,donor_1,single_control,control,batch_1,lane_2,1.7373,,
cell_control_404,donor_1,single_control,control,batch_1,lane_3,-0.401,,
cell_control_405,donor_1,single_control,control,batch_1,lane_1,0.443,,
cell_control_406,donor_1,single_control,control,batch_1,lane_2,-0.9274,,
cell_control_407,donor_1,single_control,control,batch_1,lane_3,0.9732,,
cell_control_408,donor_1,single_control,control,batch_1,lane_1,1.2108,,
cell_control_409,donor_1,single_control,control,batch_1,lane_2,0.0353,,
cell_control_410,donor_1,single_control,control,batch_1,lane_3,-1.1348,,
cell_control_411,donor_1,single_control,control,batch_1,lane_1,0.4024,,
cell_control_412,donor_1,single_control,control,batch_1,lane_2,1.1491,,
cell_control_413,donor_1,single_control,control,batch_1,lane_3,1.0896,,
cell_control_414,donor_1,single_control,control,batch_1,lane_1,0.8132,,
cell_control_415,donor_1,single_control,control,batch_1,lane_2,-1.8305,,
cell_control_416,donor_1,single_control,control,batch_1,lane_3,-0.6798,,
cell_control_417,donor_1,single_control,control,batch_1,lane_1,1.4219,,
cell_control_418,donor_1,single_control,control,batch_1,lane_2,-1.226,,
cell_control_419,donor_1,single_control,control,batch_1,lane_3,1.1314,,
cell_control_420,donor_1,single_control,control,batch_1,lane_1,1.8824,,
cell_control_421,donor_1,single_control,control,batch_1,lane_2,0.7619,,
cell_control_422,donor_1,single_control,control,batch_1,lane_3,1.1202,,
cell_control_423,donor_1,single_control,control,batch_1,lane_1,-0.3327,,
cell_control_424,donor_1,single_control,control,batch_1,lane_2,-1.2254,,
cell_control_425,donor_1,single_control,control,batch_1,lane_3,-0.1028,,
cell_control_426,donor_1,single_control,control,batch_1,lane_1,-0.1989,,
cell_control_427,donor_1,single_control,control,batch_1,lane_2,-0.0475,,
cell_control_428,donor_1,single_control,control,batch_1,lane_3,0.6968,,
cell_control_429,donor_1,single_control,control,batch_1,lane_1,-0.1446,,
cell_control_430,donor_1,single_control,control,batch_1,lane_2,0.1918,,
cell_control_431,donor_1,single_control,control,batch_1,lane_3,0.4241,,
cell_control_432,donor_1,single_control,control,batch_1,lane_1,-0.0053,,
cell_control_433,donor_1,single_control,control,batch_1,lane_2,1.8434,,
cell_control_434,donor_1,single_control,control,batch_1,lane_3,0.4424,,
cell_control_435,donor_1,single_control,control,batch_1,lane_1,0.0846,,
cell_control_436,donor_1,single_control,control,batch_1,lane_2,-0.2076,,
cell_control_437,donor_1,single_control,control,batch_1,lane_3,-0.6252,,
cell_control_438,donor_1,single_control,control,batch_1,lane_1,1.3443,,
cell_control_439,donor_1,single_control,control,batch_1,lane_2,0.15,,
cell_control_440,donor_1,single_control,control,batch_1,lane_3,-1.0788,,
cell_control_441,donor_1,single_control,control,batch_1,lane_1,-0.5624,,
cell_control_442,donor_1,single_control,control,batch_1,lane_2,-0.1366,,
cell_control_443,donor_1,single_control,control,batch_1,lane_3,-0.4455,,
cell_control_444,donor_1,single_control,control,batch_1,lane_1,1.0844,,
cell_control_445,donor_1,single_control,control,batch_1,lane_2,-1.1617,,
cell_control_446,donor_1,single_control,control,batch_1,lane_3,0.492,,
cell_control_447,donor_1,single_control,control,batch_1,lane_1,0.1435,,
cell_control_448,donor_1,single_control,control,batch_1,lane_2,-1.1777,,
cell_control_449,donor_1,single_control,control,batch_1,lane_3,0.0474,,
cell_control_450,donor_1,single_control,control,batch_1,lane_1,-0.0944,,
cell_control_451,donor_1,single_control,control,batch_1,lane_2,0.5014,,
cell_control_452,donor_1,single_control,control,batch_1,lane_3,-0.4501,,
cell_control_453,donor_1,single_control,control,batch_1,lane_1,0.3032,,
cell_control_454,donor_1,single_control,control,batch_1,lane_2,-1.6654,,
cell_control_455,donor_1,single_control,control,batch_1,lane_3,-1.0837,,
cell_control_456,donor_1,single_control,control,batch_1,lane_1,0.785,,
cell_control_457,donor_1,single_control,control,batch_1,lane_2,1.0417,,
cell_control_458,donor_1,single_control,control,batch_1,lane_3,-0.0129,,
cell_control_459,donor_1,single_control,control,batch_1,lane_1,-0.599,,
cell_control_460,donor_1,single_control,control,batch_1,lane_2,1.0827,,
cell_control_461,donor_1,single_control,control,batch_1,lane_3,-2.0918,,
cell_control_462,donor_1,single_control,control,batch_1,lane_1,-0.7996,,
cell_control_463,donor_1,single_control,control,batch_1,lane_2,0.6722,,
cell_control_464,donor_1,single_control,control,batch_1,lane_3,0.6526,,
cell_control_465,donor_1,single_control,control,batch_1,lane_1,-1.0323,,
cell_control_466,donor_1,single_control,control,batch_1,lane_2,-1.8874,,
cell_control_467,donor_1,single_control,control,batch_1,lane_3,1.452,,
cell_control_468,donor_1,single_control,control,batch_1,lane_1,0.153,,
cell_control_469,donor_1,single_control,control,batch_1,lane_2,-0.8962,,
cell_control_470,donor_1,single_control,control,batch_1,lane_3,0.0546,,
cell_control_471,donor_1,single_control,control,batch_1,lane_1,0.9018,,
cell_control_472,donor_1,single_control,control,batch_1,lane_2,-2.5918,,
cell_control_473,donor_1,single_control,control,batch_1,lane_3,1.1103,,
cell_control_474,donor_1,single_control,control,batch_1,lane_1,0.7401,,
cell_control_475,donor_1,single_control,control,batch_1,lane_2,-2.081,,
cell_control_476,donor_1,single_control,control,batch_1,lane_3,0.7709,,
cell_control_477,donor_1,single_control,control,batch_1,lane_1,-1.7801,,
cell_control_478,donor_1,single_control,control,batch_1,lane_2,1.1394,,
cell_control_479,donor_1,single_control,control,batch_1,lane_3,0.3985,,
cell_control_480,donor_1,single_control,control,batch_1,lane_1,2.2524,,
cell_control_481,donor_1,single_control,control,batch_1,lane_2,-0.6107,,
cell_control_482,donor_1,single_control,control,batch_1,lane_3,0.0047,,
cell_control_483,donor_1,single_control,control,batch_1,lane_1,1.0473,,
cell_control_484,donor_1,single_control,control,batch_1,lane_2,-0.6399,,
cell_control_485,donor_1,single_control,control,batch_1,lane_3,-0.705,,
cell_control_486,donor_1,single_control,control,batch_1,lane_1,-0.3718,,
cell_control_487,donor_1,single_control,control,batch_1,lane_2,-0.0729,,
cell_control_488,donor_1,single_control,control,batch_1,lane_3,-1.0821,,
cell_control_489,donor_1,single_control,control,batch_1,lane_1,0.4842,,
cell_control_490,donor_1,single_control,control,batch_1,lane_2,0.5433,,
cell_control_491,donor_1,single_control,control,batch_1,lane_3,0.0715,,
cell_control_492,donor_1,single_control,control,batch_1,lane_1,1.7,,
cell_control_493,donor_1,single_control,control,batch_1,lane_2,-0.3277,,
cell_control_494,donor_1,single_control,control,batch_1,lane_3,1.3066,,
cell_control_495,donor_1,single_control,control,batch_1,lane_1,-0.5466,,
cell_control_496,donor_1,single_control,control,batch_1,lane_2,0.7558,,
cell_control_497,donor_1,single_control,control,batch_1,lane_3,-1.9348,,
cell_control_498,donor_1,single_control,control,batch_1,lane_1,0.198,,
cell_control_499,donor_1,single_control,control,batch_1,lane_2,-0.1754,,
cell_control_500,donor_1,single_control,control,batch_1,lane_3,-0.495,,
cell_control_501,donor_1,single_control,control,batch_1,lane_1,-0.6106,,
cell_control_502,donor_1,single_control,control,batch_1,lane_2,-0.3474,,
cell_control_503,donor_1,single_control,control,batch_1,lane_3,-0.7198,,
cell_control_504,donor_1,single_control,control,batch_1,lane_1,-2.1929,,
cell_control_505,donor_1,single_control,control,batch_1,lane_2,-0.5963,,
cell_control_506,donor_1,single_control,control,batch_1,lane_3,-0.5496,,
cell_control_507,donor_1,single_control,control,batch_1,lane_1,-0.5243,,
cell_control_508,donor_1,single_control,control,batch_1,lane_2,-1.0577,,
cell_control_509,donor_1,single_control,control,batch_1,lane_3,-0.1357,,
cell_control_510,donor_1,single_control,control,batch_1,lane_1,0.7845,,
cell_control_511,donor_1,single_control,control,batch_1,lane_2,-0.2502,,
cell_control_512,donor_1,single_control,control,batch_1,lane_3,-0.4927,,
cell_control_513,donor_1,single_control,control,batch_1,lane_1,1.3575,,
cell_control_514,donor_1,single_control,control,batch_1,lane_2,0.977,,
cell_control_515,donor_1,single_control,control,batch_1,lane_3,0.9218,,
cell_control_516,donor_1,single_control,control,batch_1,lane_1,1.1555,,
cell_control_517,donor_1,single_control,control,batch_1,lane_2,-0.3272,,
cell_control_518,donor_1,single_control,control,batch_1,lane_3,-0.1294,,
cell_control_519,donor_1,single_control,control,batch_1,lane_1,1.1133,,
cell_control_520,donor_1,single_control,control,batch_1,lane_2,-0.5541,,
cell_control_521,donor_1,single_control,control,batch_1,lane_3,-0.1196,,
cell_control_522,donor_1,single_control,control,batch_1,lane_1,0.3778,,
cell_control_523,donor_1,single_control,control,batch_1,lane_2,0.3727,,
cell_control_524,donor_1,single_control,control,batch_1,lane_3,-0.2764,,
cell_control_525,donor_1,single_control,control,batch_1,lane_1,0.9835,,
cell_control_526,donor_1,single_control,control,batch_1,lane_2,-0.178,,
cell_control_527,donor_1,single_control,control,batch_1,lane_3,0.7254,,
cell_control_528,donor_1,single_control,control,batch_1,lane_1,1.0706,,
cell_control_529,donor_1,single_control,control,batch_1,lane_2,0.6593,,
cell_control_530,donor_1,single_control,control,batch_1,lane_3,0.7334,,
cell_control_531,donor_1,single_control,control,batch_1,lane_1,-1.1598,,
cell_control_532,donor_1,single_control,control,batch_1,lane_2,-1.311,,
cell_control_533,donor_1,single_control,control,batch_1,lane_3,-0.6187,,
cell_control_534,donor_1,single_control,control,batch_1,lane_1,0.4752,,
cell_control_535,donor_1,single_control,control,batch_1,lane_2,1.5008,,
cell_control_536,donor_1,single_control,control,batch_1,lane_3,-1.2224,,
cell_control_537,donor_1,single_control,control,batch_1,lane_1,0.3066,,
cell_control_538,donor_1,single_control,control,batch_1,lane_2,-0.8542,,
cell_control_539,donor_1,single_control,control,batch_1,lane_3,-0.7323,,
cell_control_540,donor_1,single_control,control,batch_1,lane_1,-0.2764,,
cell_control_541,donor_1,single_control,control,batch_1,lane_2,0.6917,,
cell_control_542,donor_1,single_control,control,batch_1,lane_3,0.2129,,
cell_control_543,donor_1,single_control,control,batch_1,lane_1,1.1796,,
cell_control_544,donor_1,single_control,control,batch_1,lane_2,-0.9856,,
cell_control_545,donor_1,single_control,control,batch_1,lane_3,0.8893,,
cell_control_546,donor_1,single_control,control,batch_1,lane_1,0.93,,
cell_control_547,donor_1,single_control,control,batch_1,lane_2,0.0695,,
cell_control_548,donor_1,single_control,control,batch_1,lane_3,0.4772,,
cell_control_549,donor_1,single_control,control,batch_1,lane_1,-0.5633,,
cell_control_550,donor_1,single_control,control,batch_1,lane_2,-1.09,,
cell_control_551,donor_1,single_control,control,batch_1,lane_3,-0.4052,,
cell_control_552,donor_1,single_control,control,batch_1,lane_1,-0.6426,,
cell_control_553,donor_1,single_control,control,batch_1,lane_2,2.8901,,
cell_control_554,donor_1,single_control,control,batch_1,lane_3,-0.4851,,
cell_control_555,donor_1,single_control,control,batch_1,lane_1,1.6501,,
cell_control_556,donor_1,single_control,control,batch_1,lane_2,0.2021,,
cell_control_557,donor_1,single_control,control,batch_1,lane_3,0.3122,,
cell_control_558,donor_1,single_control,control,batch_1,lane_1,0.7434,,
cell_control_559,donor_1,single_control,control,batch_1,lane_2,-0.7791,,
cell_control_560,donor_1,single_control,control,batch_1,lane_3,0.9165,,
cell_control_561,donor_1,single_control,control,batch_1,lane_1,0.3764,,
cell_control_562,donor_1,single_control,control,batch_1,lane_2,-1.5158,,
cell_control_563,donor_1,single_control,control,batch_1,lane_3,0.6013,,
cell_control_564,donor_1,single_control,control,batch_1,lane_1,0.5525,,
cell_control_565,donor_1,single_control,control,batch_1,lane_2,0.4527,,
cell_control_566,donor_1,single_control,control,batch_1,lane_3,1.5849,,
cell_control_567,donor_1,single_control,control,batch_1,lane_1,-0.4143,,
cell_control_568,donor_1,single_control,control,batch_1,lane_2,0.5119,,
cell_control_569,donor_1,single_control,control,batch_1,lane_3,0.7483,,
cell_control_570,donor_1,single_control,control,batch_1,lane_1,-0.9003,,
cell_control_571,donor_1,single_control,control,batch_1,lane_2,1.1998,,
cell_control_572,donor_1,single_control,control,batch_1,lane_3,-1.4506,,
cell_control_573,donor_1,single_control,control,batch_1,lane_1,-1.3,,
cell_control_574,donor_1,single_control,control,batch_1,lane_2,0.5224,,
cell_control_575,donor_1,single_control,control,batch_1,lane_3,-1.0889,,
cell_control_576,donor_1,single_control,control,batch_1,lane_1,-0.1163,,
cell_control_577,donor_1,single_control,control,batch_1,lane_2,-1.645,,
cell_control_578,donor_1,single_control,control,batch_1,lane_3,0.0691,,
cell_control_579,donor_1,single_control,control,batch_1,lane_1,-1.1335,,
cell_control_580,donor_1,single_control,control,batch_1,lane_2,0.342,,
cell_control_581,donor_1,single_control,control,batch_1,lane_3,-1.5326,,
cell_control_582,donor_1,single_control,control,batch_1,lane_1,0.4486,,
cell_control_583,donor_1,single_control,control,batch_1,lane_2,-0.2664,,
cell_control_584,donor_1,single_control,control,batch_1,lane_3,0.0641,,
cell_control_585,donor_1,single_control,control,batch_1,lane_1,-0.0675,,
cell_control_586,donor_1,single_control,control,batch_1,lane_2,0.1306,,
cell_control_587,donor_1,single_control,control,batch_1,lane_3,-1.3213,,
cell_control_588,donor_1,single_control,control,batch_1,lane_1,-2.5649,,
cell_control_589,donor_1,single_control,control,batch_1,lane_2,0.0341,,
cell_control_590,donor_1,single_control,control,batch_1,lane_3,-0.9358,,
cell_control_591,donor_1,single_control,control,batch_1,lane_1,-0.4545,,
cell_control_592,donor_1,single_control,control,batch_1,lane_2,0.4266,,
cell_control_593,donor_1,single_control,control,batch_1,lane_3,-1.9853,,
cell_control_594,donor_1,single_control,control,batch_1,lane_1,-0.7632,,
cell_control_595,donor_1,single_control,control,batch_1,lane_2,-0.6101,,
cell_control_596,donor_1,single_control,control,batch_1,lane_3,-1.0573,,
cell_control_597,donor_1,single_control,control,batch_1,lane_1,0.3268,,
cell_control_598,donor_1,single_control,control,batch_1,lane_2,-0.1403,,
cell_control_599,donor_1,single_control,control,batch_1,lane_3,-0.8207,,
cell_control_600,donor_1,single_control,control,batch_1,lane_1,-0.9845,,
cell_control_601,donor_1,single_control,control,batch_1,lane_2,0.8073,,
cell_control_602,donor_1,single_control,control,batch_1,lane_3,-0.6595,,
cell_control_603,donor_1,single_control,control,batch_1,lane_1,0.5851,,
cell_control_604,donor_1,single_control,control,batch_1,lane_2,0.4494,,
cell_control_605,donor_1,single_control,control,batch_1,lane_3,-1.8938,,
cell_control_606,donor_1,single_control,control,batch_1,lane_1,-1.0835,,
cell_control_607,donor_1,single_control,control,batch_1,lane_2,0.0031,,
cell_control_608,donor_1,single_control,control,batch_1,lane_3,0.342,,
cell_control_609,donor_1,single_control,control,batch_1,lane_1,0.7797,,
cell_control_610,donor_1,single_control,control,batch_1,lane_2,0.8023,,
cell_control_611,donor_1,single_control,control,batch_1,lane_3,1.0342,,
cell_control_612,donor_1,single_control,control,batch_1,lane_1,-0.3739,,
cell_control_613,donor_1,single_control,control,batch_1,lane_2,-0.2104,,
cell_control_614,donor_1,single_control,control,batch_1,lane_3,0.7757,,
cell_control_615,donor_1,single_control,control,batch_1,lane_1,-0.4254,,
cell_control_616,donor_1,single_control,control,batch_1,lane_2,1.0567,,
cell_control_617,donor_1,single_control,control,batch_1,lane_3,-1.5892,,
cell_control_618,donor_1,single_control,control,batch_1,lane_1,0.6535,,
cell_control_619,donor_1,single_control,control,batch_1,lane_2,-0.1732,,
cell_control_620,donor_1,single_control,control,batch_1,lane_3,-1.9669,,
cell_control_621,donor_1,single_control,control,batch_1,lane_1,0.9798,,
cell_control_622,donor_1,single_control,control,batch_1,lane_2,0.3111,,
cell_control_623,donor_1,single_control,control,batch_1,lane_3,0.0209,,
cell_control_624,donor_1,single_control,control,batch_1,lane_1,-1.0766,,
cell_control_625,donor_1,single_control,control,batch_1,lane_2,-0.4654,,
cell_control_626,donor_1,single_control,control,batch_1,lane_3,1.5118,,
cell_control_627,donor_1,single_control,control,batch_1,lane_1,-0.8273,,
cell_control_628,donor_1,single_control,control,batch_1,lane_2,-3.4718,,
cell_control_629,donor_1,single_control,control,batch_1,lane_3,-0.8566,,
cell_control_630,donor_1,single_control,control,batch_1,lane_1,-1.1996,,
cell_control_631,donor_1,single_control,control,batch_1,lane_2,-0.132,,
cell_control_632,donor_1,single_control,control,batch_1,lane_3,-0.3933,,
cell_control_633,donor_1,single_control,control,batch_1,lane_1,-0.9123,,
cell_control_634,donor_1,single_control,control,batch_1,lane_2,-0.8417,,
cell_control_635,donor_1,single_control,control,batch_1,lane_3,1.0478,,
cell_control_636,donor_1,single_control,control,batch_1,lane_1,-1.4425,,
cell_control_637,donor_1,single_control,control,batch_1,lane_2,1.9566,,
cell_control_638,donor_1,single_control,control,batch_1,lane_3,-0.544,,
cell_control_639,donor_1,single_control,control,batch_1,lane_1,-1.0927,,
cell_control_640,donor_1,single_control,control,batch_1,lane_2,0.7873,,
cell_control_641,donor_1,single_control,control,batch_1,lane_3,0.5642,,
cell_control_642,donor_1,single_control,control,batch_1,lane_1,-1.0428,,
cell_control_643,donor_1,single_control,control,batch_1,lane_2,0.7487,,
cell_control_644,donor_1,single_control,control,batch_1,lane_3,-1.8397,,
cell_control_645,donor_1,single_control,control,batch_1,lane_1,-0.9237,,
cell_control_646,donor_1,single_control,control,batch_1,lane_2,1.1263,,
cell_control_647,donor_1,single_control,control,batch_1,lane_3,-0.2557,,
cell_control_648,donor_1,single_control,control,batch_1,lane_1,-1.3021,,
cell_control_649,donor_1,single_control,control,batch_1,lane_2,0.514,,
cell_control_650,donor_1,single_control,control,batch_1,lane_3,0.9168,,
cell_control_651,donor_1,single_control,control,batch_1,lane_1,-0.0223,,
cell_control_652,donor_1,single_control,control,batch_1,lane_2,-1.8068,,
cell_control_653,donor_1,single_control,control,batch_1,lane_3,-0.3463,,
cell_control_654,donor_1,single_control,control,batch_1,lane_1,0.4181,,
cell_control_655,donor_1,single_control,control,batch_1,lane_2,0.7687,,
cell_control_656,donor_1,single_control,control,batch_1,lane_3,1.8531,,
cell_control_657,donor_1,single_control,control,batch_1,lane_1,-0.2527,,
cell_control_658,donor_1,single_control,control,batch_1,lane_2,-0.4824,,
cell_control_659,donor_1,single_control,control,batch_1,lane_3,-0.0383,,
cell_control_660,donor_1,single_control,control,batch_1,lane_1,1.2062,,
cell_control_661,donor_1,single_control,control,batch_1,lane_2,-0.9416,,
cell_control_662,donor_1,single_control,control,batch_1,lane_3,1.3053,,
cell_control_663,donor_1,single_control,control,batch_1,lane_1,-2.749,,
cell_control_664,donor_1,single_control,control,batch_1,lane_2,0.7975,,
cell_control_665,donor_1,single_control,control,batch_1,lane_3,-0.6756,,
cell_control_666,donor_1,single_control,control,batch_1,lane_1,0.4591,,
cell_control_667,donor_1,single_control,control,batch_1,lane_2,0.6885,,
cell_control_668,donor_1,single_control,control,batch_1,lane_3,-1.1826,,
cell_control_669,donor_1,single_control,control,batch_1,lane_1,-0.0864,,
cell_control_670,donor_1,single_control,control,batch_1,lane_2,0.2406,,
cell_control_671,donor_1,single_control,control,batch_1,lane_3,0.5873,,
cell_control_672,donor_1,single_control,control,batch_1,lane_1,-0.93,,
cell_control_673,donor_1,single_control,control,batch_1,lane_2,-0.9916,,
cell_control_674,donor_1,single_control,control,batch_1,lane_3,-1.9238,,
cell_control_675,donor_1,single_control,control,batch_1,lane_1,2.5395,,
cell_control_676,donor_1,single_control,control,batch_1,lane_2,-0.1924,,
cell_control_677,donor_1,single_control,control,batch_1,lane_3,-0.2224,,
cell_control_678,donor_1,single_control,control,batch_1,lane_1,-1.4947,,
cell_control_679,donor_1,single_control,control,batch_1,lane_2,0.93,,
cell_control_680,donor_1,single_control,control,batch_1,lane_3,-0.5347,,
cell_control_681,donor_1,single_control,control,batch_1,lane_1,1.4356,,
cell_control_682,donor_1,single_control,control,batch_1,lane_2,0.8519,,
cell_control_683,donor_1,single_control,control,batch_1,lane_3,0.0209,,
cell_control_684,donor_1,single_control,control,batch_1,lane_1,0.727,,
cell_control_685,donor_1,single_control,control,batch_1,lane_2,-1.1119,,
cell_control_686,donor_1,single_control,control,batch_1,lane_3,-0.3257,,
cell_control_687,donor_1,single_control,control,batch_1,lane_1,-0.5761,,
cell_control_688,donor_1,single_control,control,batch_1,lane_2,-1.2693,,
cell_control_689,donor_1,single_control,control,batch_1,lane_3,0.0171,,
cell_control_690,donor_1,single_control,control,batch_1,lane_1,-0.145,,
cell_control_691,donor_1,single_control,control,batch_1,lane_2,1.4354,,
cell_control_692,donor_1,single_control,control,batch_1,lane_3,-3.3528,,
cell_control_693,donor_1,single_control,control,batch_1,lane_1,-0.6721,,
cell_control_694,donor_1,single_control,control,batch_1,lane_2,-0.9185,,
cell_control_695,donor_1,single_control,control,batch_1,lane_3,-0.4641,,
cell_control_696,donor_1,single_control,control,batch_1,lane_1,0.4219,,
cell_control_697,donor_1,single_control,control,batch_1,lane_2,0.4038,,
cell_control_698,donor_1,single_control,control,batch_1,lane_3,0.0283,,
cell_control_699,donor_1,single_control,control,batch_1,lane_1,-0.4741,,
cell_control_700,donor_1,single_control,control,batch_1,lane_2,0.4945,,
cell_control_701,donor_1,single_control,control,batch_1,lane_3,0.3598,,
cell_control_702,donor_1,single_control,control,batch_1,lane_1,-1.8428,,
cell_control_703,donor_1,single_control,control,batch_1,lane_2,-0.2622,,
cell_control_704,donor_1,single_control,control,batch_1,lane_3,-1.3747,,
cell_control_705,donor_1,single_control,control,batch_1,lane_1,-1.1816,,
cell_control_706,donor_1,single_control,control,batch_1,lane_2,0.1466,,
cell_control_707,donor_1,single_control,control,batch_1,lane_3,0.0603,,
cell_control_708,donor_1,single_control,control,batch_1,lane_1,0.1139,,
cell_control_709,donor_1,single_control,control,batch_1,lane_2,-0.8756,,
cell_control_710,donor_1,single_control,control,batch_1,lane_3,-0.2012,,
cell_control_711,donor_1,single_control,control,batch_1,lane_1,-0.9127,,
cell_control_712,donor_1,single_control,control,batch_1,lane_2,0.3819,,
cell_control_713,donor_1,single_control,control,batch_1,lane_3,0.6887,,
cell_control_714,donor_1,single_control,control,batch_1,lane_1,1.7552,,
cell_control_715,donor_1,single_control,control,batch_1,lane_2,1.2661,,
cell_control_716,donor_1,single_control,control,batch_1,lane_3,-0.8054,,
cell_control_717,donor_1,single_control,control,batch_1,lane_1,-0.4578,,
cell_control_718,donor_1,single_control,control,batch_1,lane_2,-0.9385,,
cell_control_719,donor_1,single_control,control,batch_1,lane_3,0.306,,
cell_control_720,donor_1,single_control,control,batch_1,lane_1,1.9805,,
cell_control_721,donor_1,single_control,control,batch_1,lane_2,0.7085,,
cell_control_722,donor_1,single_control,control,batch_1,lane_3,-2.1994,,
cell_control_723,donor_1,single_control,control,batch_1,lane_1,-1.2575,,
cell_control_724,donor_1,single_control,control,batch_1,lane_2,-1.2926,,
cell_control_725,donor_1,single_control,control,batch_1,lane_3,0.5151,,
cell_control_726,donor_1,single_control,control,batch_1,lane_1,0.0013,,
cell_control_727,donor_1,single_control,control,batch_1,lane_2,0.2999,,
cell_control_728,donor_1,single_control,control,batch_1,lane_3,1.7816,,
cell_control_729,donor_1,single_control,control,batch_1,lane_1,-0.8271,,
cell_control_730,donor_1,single_control,control,batch_1,lane_2,-0.8476,,
cell_control_731,donor_1,single_control,control,batch_1,lane_3,1.9658,,
cell_control_732,donor_1,single_control,control,batch_1,lane_1,0.3423,,
cell_control_733,donor_1,single_control,control,batch_1,lane_2,-0.7789,,
cell_control_734,donor_1,single_control,control,batch_1,lane_3,-2.0287,,
cell_control_735,donor_1,single_control,control,batch_1,lane_1,-1.5243,,
cell_control_736,donor_1,single_control,control,batch_1,lane_2,-2.4444,,
cell_control_737,donor_1,single_control,control,batch_1,lane_3,0.0683,,
cell_control_738,donor_1,single_control,control,batch_1,lane_1,0.0442,,
cell_control_739,donor_1,single_control,control,batch_1,lane_2,0.993,,
cell_control_740,donor_1,single_control,control,batch_1,lane_3,-0.1393,,
cell_control_741,donor_1,single_control,control,batch_1,lane_1,-0.6936,,
cell_control_742,donor_1,single_control,control,batch_1,lane_2,-0.7411,,
cell_control_743,donor_1,single_control,control,batch_1,lane_3,1.9012,,
cell_control_744,donor_1,single_control,control,batch_1,lane_1,-1.7657,,
cell_control_745,donor_1,single_control,control,batch_1,lane_2,0.1737,,
cell_control_746,donor_1,single_control,control,batch_1,lane_3,0.0256,,
cell_control_747,donor_1,single_control,control,batch_1,lane_1,0.6167,,
cell_control_748,donor_1,single_control,control,batch_1,lane_2,-0.4046,,
cell_control_749,donor_1,single_control,control,batch_1,lane_3,0.4992,,
cell_control_750,donor_1,single_control,control,batch_1,lane_1,0.8156,,
cell_control_751,donor_1,single_control,control,batch_1,lane_2,-0.1474,,
cell_control_752,donor_1,single_control,control,batch_1,lane_3,-0.4576,,
cell_control_753,donor_1,single_control,control,batch_1,lane_1,-0.1863,,
cell_control_754,donor_1,single_control,control,batch_1,lane_2,-0.9649,,
cell_control_755,donor_1,single_control,control,batch_1,lane_3,-0.2077,,
cell_control_756,donor_1,single_control,control,batch_1,lane_1,-0.3019,,
cell_control_757,donor_1,single_control,control,batch_1,lane_2,0.2102,,
cell_control_758,donor_1,single_control,control,batch_1,lane_3,1.3361,,
cell_control_759,donor_1,single_control,control,batch_1,lane_1,1.3077,,
cell_control_760,donor_1,single_control,control,batch_1,lane_2,-0.4453,,
cell_control_761,donor_1,single_control,control,batch_1,lane_3,0.603,,
cell_control_762,donor_1,single_control,control,batch_1,lane_1,0.2949,,
cell_control_763,donor_1,single_control,control,batch_1,lane_2,0.7616,,
cell_control_764,donor_1,single_control,control,batch_1,lane_3,0.0215,,
cell_control_765,donor_1,single_control,control,batch_1,lane_1,0.2657,,
cell_control_766,donor_1,single_control,control,batch_1,lane_2,-0.4688,,
cell_control_767,donor_1,single_control,control,batch_1,lane_3,-0.7846,,
cell_control_768,donor_1,single_control,control,batch_1,lane_1,0.8721,,
cell_control_769,donor_1,single_control,control,batch_1,lane_2,1.2988,,
cell_control_770,donor_1,single_control,control,batch_1,lane_3,0.6623,,
cell_control_771,donor_1,single_control,control,batch_1,lane_1,0.4358,,
cell_control_772,donor_1,single_control,control,batch_1,lane_2,0.2662,,
cell_control_773,donor_1,single_control,control,batch_1,lane_3,-0.4501,,
cell_control_774,donor_1,single_control,control,batch_1,lane_1,-1.7831,,
cell_control_775,donor_1,single_control,control,batch_1,lane_2,0.6634,,
cell_control_776,donor_1,single_control,control,batch_1,lane_3,0.1993,,
cell_control_777,donor_1,single_control,control,batch_1,lane_1,-0.5542,,
cell_control_778,donor_1,single_control,control,batch_1,lane_2,-0.9647,,
cell_control_779,donor_1,single_control,control,batch_1,lane_3,1.2779,,
cell_control_780,donor_1,single_control,control,batch_1,lane_1,-1.8043,,
cell_control_781,donor_1,single_control,control,batch_1,lane_2,1.7618,,
cell_control_782,donor_1,single_control,control,batch_1,lane_3,0.6396,,
cell_control_783,donor_1,single_control,control,batch_1,lane_1,2.3707,,
cell_control_784,donor_1,single_control,control,batch_1,lane_2,-0.7178,,
cell_control_785,donor_1,single_control,control,batch_1,lane_3,-0.0218,,
cell_control_786,donor_1,single_control,control,batch_1,lane_1,-0.5066,,
cell_control_787,donor_1,single_control,control,batch_1,lane_2,0.1552,,
cell_control_788,donor_1,single_control,control,batch_1,lane_3,-0.21,,
cell_control_789,donor_1,single_control,control,batch_1,lane_1,-0.7485,,
cell_control_790,donor_1,single_control,control,batch_1,lane_2,1.0749,,
cell_control_791,donor_1,single_control,control,batch_1,lane_3,-0.7849,,
cell_control_792,donor_1,single_control,control,batch_1,lane_1,-0.5078,,
cell_control_793,donor_1,single_control,control,batch_1,lane_2,0.5546,,
cell_control_794,donor_1,single_control,control,batch_1,lane_3,-0.5376,,
cell_control_795,donor_1,single_control,control,batch_1,lane_1,-0.4346,,
cell_control_796,donor_1,single_control,control,batch_1,lane_2,0.356,,
cell_control_797,donor_1,single_control,control,batch_1,lane_3,-0.3678,,
cell_control_798,donor_1,single_control,control,batch_1,lane_1,-1.2466,,
cell_control_799,donor_1,single_control,control,batch_1,lane_2,-0.1023,,
cell_control_800,donor_1,single_control,control,batch_1,lane_3,-0.2198,,
cell_control_801,donor_1,single_control,control,batch_1,lane_1,1.7048,,
cell_control_802,donor_1,single_control,control,batch_1,lane_2,-1.097,,
cell_control_803,donor_1,single_control,control,batch_1,lane_3,0.9694,,
cell_control_804,donor_1,single_control,control,batch_1,lane_1,-0.786,,
cell_control_805,donor_1,single_control,control,batch_1,lane_2,-0.3559,,
cell_control_806,donor_1,single_control,control,batch_1,lane_3,-0.3267,,
cell_control_807,donor_1,single_control,control,batch_1,lane_1,0.2705,,
cell_control_808,donor_1,single_control,control,batch_1,lane_2,0.8634,,
cell_control_809,donor_1,single_control,control,batch_1,lane_3,1.7499,,
cell_control_810,donor_1,single_control,control,batch_1,lane_1,-0.6364,,
cell_control_811,donor_1,single_control,control,batch_1,lane_2,1.33,,
cell_control_812,donor_1,single_control,control,batch_1,lane_3,0.9954,,
cell_control_813,donor_1,single_control,control,batch_1,lane_1,0.8126,,
cell_control_814,donor_1,single_control,control,batch_1,lane_2,-0.7593,,
cell_control_815,donor_1,single_control,control,batch_1,lane_3,0.9007,,
cell_control_816,donor_1,single_control,control,batch_1,lane_1,-0.1074,,
cell_control_817,donor_1,single_control,control,batch_1,lane_2,0.3533,,
cell_control_818,donor_1,single_control,control,batch_1,lane_3,-0.2691,,
cell_control_819,donor_1,single_control,control,batch_1,lane_1,0.6641,,
cell_control_820,donor_1,single_control,control,batch_1,lane_2,1.115,,
cell_control_821,donor_1,single_control,control,batch_1,lane_3,1.131,,
cell_control_822,donor_1,single_control,control,batch_1,lane_1,-0.2053,,
cell_control_823,donor_1,single_control,control,batch_1,lane_2,0.9954,,
cell_control_824,donor_1,single_control,control,batch_1,lane_3,1.452,,
cell_control_825,donor_1,single_control,control,batch_1,lane_1,-0.9353,,
cell_control_826,donor_1,single_control,control,batch_1,lane_2,1.4722,,
cell_control_827,donor_1,single_control,control,batch_1,lane_3,-1.3353,,
cell_control_828,donor_1,single_control,control,batch_1,lane_1,0.5427,,
cell_control_829,donor_1,single_control,control,batch_1,lane_2,0.594,,
cell_control_830,donor_1,single_control,control,batch_1,lane_3,1.4828,,
cell_control_831,donor_1,single_control,control,batch_1,lane_1,0.2788,,
cell_control_832,donor_1,single_control,control,batch_1,lane_2,-0.4807,,
cell_control_833,donor_1,single_control,control,batch_1,lane_3,-0.7968,,
cell_control_834,donor_1,single_control,control,batch_1,lane_1,-1.2512,,
cell_control_835,donor_1,single_control,control,batch_1,lane_2,0.766,,
cell_control_836,donor_1,single_control,control,batch_1,lane_3,-0.2369,,
cell_control_837,donor_1,single_control,control,batch_1,lane_1,-0.7177,,
cell_control_838,donor_1,single_control,control,batch_1,lane_2,0.532,,
cell_control_839,donor_1,single_control,control,batch_1,lane_3,-0.7649,,
cell_control_840,donor_1,single_control,control,batch_1,lane_1,-0.4368,,
cell_control_841,donor_1,single_control,control,batch_1,lane_2,-0.4584,,
cell_control_842,donor_1,single_control,control,batch_1,lane_3,1.6543,,
cell_control_843,donor_1,single_control,control,batch_1,lane_1,1.4628,,
cell_control_844,donor_1,single_control,control,batch_1,lane_2,-0.158,,
cell_control_845,donor_1,single_control,control,batch_1,lane_3,-1.5712,,
cell_control_846,donor_1,single_control,control,batch_1,lane_1,0.2765,,
cell_control_847,donor_1,single_control,control,batch_1,lane_2,0.0718,,
cell_control_848,donor_1,single_control,control,batch_1,lane_3,0.3489,,
cell_control_849,donor_1,single_control,control,batch_1,lane_1,0.5655,,
cell_control_850,donor_1,single_control,control,batch_1,lane_2,-0.3205,,
cell_control_851,donor_1,single_control,control,batch_1,lane_3,0.9251,,
cell_control_852,donor_1,single_control,control,batch_1,lane_1,0.8369,,
cell_control_853,donor_1,single_control,control,batch_1,lane_2,0.2106,,
cell_control_854,donor_1,single_control,control,batch_1,lane_3,-0.4063,,
cell_control_855,donor_1,single_control,control,batch_1,lane_1,-0.4807,,
cell_control_856,donor_1,single_control,control,batch_1,lane_2,0.6926,,
cell_control_857,donor_1,single_control,control,batch_1,lane_3,-1.0995,,
cell_control_858,donor_1,single_control,control,batch_1,lane_1,-0.1596,,
cell_control_859,donor_1,single_control,control,batch_1,lane_2,-0.75,,
cell_control_860,donor_1,single_control,control,batch_1,lane_3,-1.3934,,
cell_control_861,donor_1,single_control,control,batch_1,lane_1,0.6037,,
cell_control_862,donor_1,single_control,control,batch_1,lane_2,-0.0257,,
cell_control_863,donor_1,single_control,control,batch_1,lane_3,0.0358,,
cell_control_864,donor_1,single_control,control,batch_1,lane_1,0.8744,,
cell_control_865,donor_1,single_control,control,batch_1,lane_2,-1.494,,
cell_control_866,donor_1,single_control,control,batch_1,lane_3,-0.0671,,
cell_control_867,donor_1,single_control,control,batch_1,lane_1,0.2887,,
cell_control_868,donor_1,single_control,control,batch_1,lane_2,0.8323,,
cell_control_869,donor_1,single_control,control,batch_1,lane_3,-1.085,,
cell_control_870,donor_1,single_control,control,batch_1,lane_1,0.7159,,
cell_control_871,donor_1,single_control,control,batch_1,lane_2,0.2195,,
cell_control_872,donor_1,single_control,control,batch_1,lane_3,1.3558,,
cell_control_873,donor_1,single_control,control,batch_1,lane_1,1.1388,,
cell_control_874,donor_1,single_control,control,batch_1,lane_2,0.5496,,
cell_control_875,donor_1,single_control,control,batch_1,lane_3,2.1485,,
cell_control_876,donor_1,single_control,control,batch_1,lane_1,-0.0013,,
cell_control_877,donor_1,single_control,control,batch_1,lane_2,-0.4244,,
cell_control_878,donor_1,single_control,control,batch_1,lane_3,-0.3407,,
cell_control_879,donor_1,single_control,control,batch_1,lane_1,-0.9404,,
cell_control_880,donor_1,single_control,control,batch_1,lane_2,-0.0288,,
cell_control_881,donor_1,single_control,control,batch_1,lane_3,-1.8784,,
cell_control_882,donor_1,single_control,control,batch_1,lane_1,-0.0845,,
cell_control_883,donor_1,single_control,control,batch_1,lane_2,0.4258,,
cell_control_884,donor_1,single_control,control,batch_1,lane_3,0.9913,,
cell_control_885,donor_1,single_control,control,batch_1,lane_1,-0.3473,,
cell_control_886,donor_1,single_control,control,batch_1,lane_2,1.3888,,
cell_control_887,donor_1,single_control,control,batch_1,lane_3,-0.6513,,
cell_control_888,donor_1,single_control,control,batch_1,lane_1,-0.1346,,
cell_control_889,donor_1,single_control,control,batch_1,lane_2,-1.8777,,
cell_control_890,donor_1,single_control,control,batch_1,lane_3,-0.7612,,
cell_control_891,donor_1,single_control,control,batch_1,lane_1,-0.7915,,
cell_control_892,donor_1,single_control,control,batch_1,lane_2,1.4588,,
cell_control_893,donor_1,single_control,control,batch_1,lane_3,0.518,,
cell_control_894,donor_1,single_control,control,batch_1,lane_1,-1.0783,,
cell_control_895,donor_1,single_control,control,batch_1,lane_2,0.5211,,
cell_control_896,donor_1,single_control,control,batch_1,lane_3,0.4702,,
cell_control_897,donor_1,single_control,control,batch_1,lane_1,-0.2281,,
cell_control_898,donor_1,single_control,control,batch_1,lane_2,0.0224,,
cell_control_899,donor_1,single_control,control,batch_1,lane_3,-0.2981,,
cell_control_900,donor_1,single_control,control,batch_1,lane_1,-0.5297,,
cell_control_901,donor_1,single_control,control,batch_1,lane_2,-1.731,,
cell_control_902,donor_1,single_control,control,batch_1,lane_3,-0.0884,,
cell_control_903,donor_1,single_control,control,batch_1,lane_1,1.2543,,
cell_control_904,donor_1,single_control,control,batch_1,lane_2,1.3984,,
cell_control_905,donor_1,single_control,control,batch_1,lane_3,-0.2721,,
cell_control_906,donor_1,single_control,control,batch_1,lane_1,-0.7293,,
cell_control_907,donor_1,single_control,control,batch_1,lane_2,-0.2066,,
cell_control_908,donor_1,single_control,control,batch_1,lane_3,0.8764,,
cell_control_909,donor_1,single_control,control,batch_1,lane_1,0.3431,,
cell_control_910,donor_1,single_control,control,batch_1,lane_2,-0.5699,,
cell_control_911,donor_1,single_control,control,batch_1,lane_3,0.3535,,
cell_control_912,donor_1,single_control,control,batch_1,lane_1,-0.2012,,
cell_control_913,donor_1,single_control,control,batch_1,lane_2,0.5031,,
cell_control_914,donor_1,single_control,control,batch_1,lane_3,-0.3979,,
cell_control_915,donor_1,single_control,control,batch_1,lane_1,-1.4356,,
cell_control_916,donor_1,single_control,control,batch_1,lane_2,0.0566,,
cell_control_917,donor_1,single_control,control,batch_1,lane_3,0.7417,,
cell_control_918,donor_1,single_control,control,batch_1,lane_1,-1.0801,,
cell_control_919,donor_1,single_control,control,batch_1,lane_2,-0.1047,,
cell_control_920,donor_1,single_control,control,batch_1,lane_3,0.856,,
cell_control_921,donor_1,single_control,control,batch_1,lane_1,-0.3651,,
cell_control_922,donor_1,single_control,control,batch_1,lane_2,-0.6345,,
cell_control_923,donor_1,single_control,control,batch_1,lane_3,1.9793,,
cell_control_924,donor_1,single_control,control,batch_1,lane_1,0.8087,,
cell_control_925,donor_1,single_control,control,batch_1,lane_2,1.0015,,
cell_control_926,donor_1,single_control,control,batch_1,lane_3,-0.9215,,
cell_control_927,donor_1,single_control,control,batch_1,lane_1,1.5906,,
cell_control_928,donor_1,single_control,control,batch_1,lane_2,-1.6136,,
cell_control_929,donor_1,single_control,control,batch_1,lane_3,-0.5049,,
cell_control_930,donor_1,single_control,control,batch_1,lane_1,0.7204,,
cell_control_931,donor_1,single_control,control,batch_1,lane_2,1.2952,,
cell_control_932,donor_1,single_control,control,batch_1,lane_3,-0.9051,,
cell_control_933,donor_1,single_control,control,batch_1,lane_1,-0.6462,,
cell_control_934,donor_1,single_control,control,batch_1,lane_2,0.1912,,
cell_control_935,donor_1,single_control,control,batch_1,lane_3,-1.8765,,
cell_control_936,donor_1,single_control,control,batch_1,lane_1,0.6218,,
cell_control_937,donor_1,single_control,control,batch_1,lane_2,0.5445,,
cell_control_938,donor_1,single_control,control,batch_1,lane_3,-0.435,,
cell_control_939,donor_1,single_control,control,batch_1,lane_1,0.5227,,
cell_control_940,donor_1,single_control,control,batch_1,lane_2,0.7544,,
cell_control_941,donor_1,single_control,control,batch_1,lane_3,0.3005,,
cell_control_942,donor_1,single_control,control,batch_1,lane_1,0.5073,,
cell_control_943,donor_1,single_control,control,batch_1,lane_2,1.4702,,
cell_control_944,donor_1,single_control,control,batch_1,lane_3,-0.4638,,
cell_control_945,donor_1,single_control,control,batch_1,lane_1,0.1571,,
cell_control_946,donor_1,single_control,control,batch_1,lane_2,-0.5072,,
cell_control_947,donor_1,single_control,control,batch_1,lane_3,1.0037,,
cell_control_948,donor_1,single_control,control,batch_1,lane_1,-0.3954,,
cell_control_949,donor_1,single_control,control,batch_1,lane_2,0.4602,,
cell_control_950,donor_1,single_control,control,batch_1,lane_3,0.1327,,
cell_control_951,donor_1,single_control,control,batch_1,lane_1,0.0643,,
cell_control_952,donor_1,single_control,control,batch_1,lane_2,1.6641,,
cell_control_953,donor_1,single_control,control,batch_1,lane_3,-0.0824,,
cell_control_954,donor_1,single_control,control,batch_1,lane_1,1.3731,,
cell_control_955,donor_1,single_control,control,batch_1,lane_2,0.8001,,
cell_control_956,donor_1,single_control,control,batch_1,lane_3,1.2779,,
cell_control_957,donor_1,single_control,control,batch_1,lane_1,-0.1597,,
cell_control_958,donor_1,single_control,control,batch_1,lane_2,0.8982,,
cell_control_959,donor_1,single_control,control,batch_1,lane_3,0.7318,,
cell_control_960,donor_1,single_control,control,batch_1,lane_1,-0.5942,,
cell_control_961,donor_1,single_control,control,batch_1,lane_2,0.2605,,
cell_control_962,donor_1,single_control,control,batch_1,lane_3,-0.1244,,
cell_control_963,donor_1,single_control,control,batch_1,lane_1,-0.0345,,
cell_control_964,donor_1,single_control,control,batch_1,lane_2,1.2584,,
cell_control_965,donor_1,single_control,control,batch_1,lane_3,-0.6964,,
cell_control_966,donor_1,single_control,control,batch_1,lane_1,-1.6257,,
cell_control_967,donor_1,single_control,control,batch_1,lane_2,-1.6827,,
cell_control_968,donor_1,single_control,control,batch_1,lane_3,-0.4372,,
cell_control_969,donor_1,single_control,control,batch_1,lane_1,-0.6229,,
cell_control_970,donor_1,single_control,control,batch_1,lane_2,0.0138,,
cell_control_971,donor_1,single_control,control,batch_1,lane_3,0.5462,,
cell_control_972,donor_1,single_control,control,batch_1,lane_1,1.6998,,
cell_control_973,donor_1,single_control,control,batch_1,lane_2,0.2985,,
cell_control_974,donor_1,single_control,control,batch_1,lane_3,0.4473,,
cell_control_975,donor_1,single_control,control,batch_1,lane_1,-0.709,,
cell_control_976,donor_1,single_control,control,batch_1,lane_2,0.5602,,
cell_control_977,donor_1,single_control,control,batch_1,lane_3,1.3111,,
cell_control_978,donor_1,single_control,control,batch_1,lane_1,1.2936,,
cell_control_979,donor_1,single_control,control,batch_1,lane_2,-1.885,,
cell_control_980,donor_1,single_control,control,batch_1,lane_3,0.859,,
cell_control_981,donor_1,single_control,control,batch_1,lane_1,1.5273,,
cell_control_982,donor_1,single_control,control,batch_1,lane_2,0.7969,,
cell_control_983,donor_1,single_control,control,batch_1,lane_3,-1.4412,,
cell_control_984,donor_1,single_control,control,batch_1,lane_1,-0.296,,
cell_control_985,donor_1,single_control,control,batch_1,lane_2,0.5661,,
cell_control_986,donor_1,single_control,control,batch_1,lane_3,0.4004,,
cell_control_987,donor_1,single_control,control,batch_1,lane_1,-0.7819,,
cell_control_988,donor_1,single_control,control,batch_1,lane_2,-0.8579,,
cell_control_989,donor_1,single_control,control,batch_1,lane_3,0.9307,,
cell_control_990,donor_1,single_control,control,batch_1,lane_1,-1.2854,,
cell_control_991,donor_1,single_control,control,batch_1,lane_2,1.3813,,
cell_control_992,donor_1,single_control,control,batch_1,lane_3,0.0194,,
cell_control_993,donor_1,single_control,control,batch_1,lane_1,0.2896,,
cell_control_994,donor_1,single_control,control,batch_1,lane_2,-1.2844,,
cell_control_995,donor_1,single_control,control,batch_1,lane_3,-0.5738,,
cell_control_996,donor_1,single_control,control,batch_1,lane_1,0.6635,,
cell_control_997,donor_1,single_control,control,batch_1,lane_2,-1.4161,,
cell_control_998,donor_1,single_control,control,batch_1,lane_3,1.9933,,
cell_control_999,donor_1,single_control,control,batch_1,lane_1,-1.351,,
cell_control_1000,donor_1,single_control,control,batch_1,lane_2,-1.1759,,
cell_control_1001,donor_1,single_control,control,batch_1,lane_3,0.0415,,
cell_control_1002,donor_1,single_control,control,batch_1,lane_1,0.4634,,
cell_control_1003,donor_1,single_control,control,batch_1,lane_2,0.7053,,
cell_control_1004,donor_1,single_control,control,batch_1,lane_3,-0.357,,
cell_control_1005,donor_1,single_control,control,batch_1,lane_1,-0.1995,,
cell_control_1006,donor_1,single_control,control,batch_1,lane_2,-0.2271,,
cell_control_1007,donor_1,single_control,control,batch_1,lane_3,-0.553,,
cell_control_1008,donor_1,single_control,control,batch_1,lane_1,-2.4791,,
cell_control_1009,donor_1,single_control,control,batch_1,lane_2,0.9245,,
cell_control_1010,donor_1,single_control,control,batch_1,lane_3,0.2414,,
cell_control_1011,donor_1,single_control,control,batch_1,lane_1,0.1525,,
cell_control_1012,donor_1,single_control,control,batch_1,lane_2,-0.6043,,
cell_control_1013,donor_1,single_control,control,batch_1,lane_3,0.2414,,
cell_control_1014,donor_1,single_control,control,batch_1,lane_1,-0.0127,,
cell_control_1015,donor_1,single_control,control,batch_1,lane_2,-0.0738,,
cell_control_1016,donor_1,single_control,control,batch_1,lane_3,1.0622,,
cell_control_1017,donor_1,single_control,control,batch_1,lane_1,-1.6548,,
cell_control_1018,donor_1,single_control,control,batch_1,lane_2,0.242,,
cell_control_1019,donor_1,single_control,control,batch_1,lane_3,-1.0246,,
cell_control_1020,donor_1,single_control,control,batch_1,lane_1,-0.3054,,
cell_control_1021,donor_1,single_control,control,batch_1,lane_2,1.4401,,
cell_control_1022,donor_1,single_control,control,batch_1,lane_3,-1.0414,,
cell_control_1023,donor_1,single_control,control,batch_1,lane_1,-0.0959,,
cell_control_1024,donor_1,single_control,control,batch_1,lane_2,-0.5682,,
cell_control_1025,donor_1,single_control,control,batch_1,lane_3,0.9122,,
cell_control_1026,donor_1,single_control,control,batch_1,lane_1,-0.9409,,
cell_control_1027,donor_1,single_control,control,batch_1,lane_2,-1.6165,,
cell_control_1028,donor_1,single_control,control,batch_1,lane_3,0.4937,,
cell_control_1029,donor_1,single_control,control,batch_1,lane_1,-0.3401,,
cell_control_1030,donor_1,single_control,control,batch_1,lane_2,-0.3067,,
cell_control_1031,donor_1,single_control,control,batch_1,lane_3,1.0377,,
cell_control_1032,donor_1,single_control,control,batch_1,lane_1,-0.8527,,
cell_control_1033,donor_1,single_control,control,batch_1,lane_2,-0.3587,,
cell_control_1034,donor_1,single_control,control,batch_1,lane_3,0.1418,,
cell_control_1035,donor_1,single_control,control,batch_1,lane_1,0.3971,,
cell_control_1036,donor_1,single_control,control,batch_1,lane_2,-0.4962,,
cell_control_1037,donor_1,single_control,control,batch_1,lane_3,0.9939,,
cell_control_1038,donor_1,single_control,control,batch_1,lane_1,2.1525,,
cell_control_1039,donor_1,single_control,control,batch_1,lane_2,-0.3925,,
cell_control_1040,donor_1,single_control,control,batch_1,lane_3,1.7955,,
cell_control_1041,donor_1,single_control,control,batch_1,lane_1,-2.0258,,
cell_control_1042,donor_1,single_control,control,batch_1,lane_2,1.351,,
cell_control_1043,donor_1,single_control,control,batch_1,lane_3,-0.3305,,
cell_control_1044,donor_1,single_control,control,batch_1,lane_1,0.1319,,
cell_control_1045,donor_1,single_control,control,batch_1,lane_2,-0.3262,,
cell_control_1046,donor_1,single_control,control,batch_1,lane_3,-0.6112,,
cell_control_1047,donor_1,single_control,control,batch_1,lane_1,-1.2269,,
cell_control_1048,donor_1,single_control,control,batch_1,lane_2,-0.379,,
cell_control_1049,donor_1,single_control,control,batch_1,lane_3,1.2448,,
cell_control_1050,donor_1,single_control,control,batch_1,lane_1,1.0949,,
cell_control_1051,donor_1,single_control,control,batch_1,lane_2,-0.3345,,
cell_control_1052,donor_1,single_control,control,batch_1,lane_3,-0.507,,
cell_control_1053,donor_1,single_control,control,batch_1,lane_1,-0.674,,
cell_control_1054,donor_1,single_control,control,batch_1,lane_2,-1.152,,
cell_control_1055,donor_1,single_control,control,batch_1,lane_3,1.7321,,
cell_control_1056,donor_1,single_control,control,batch_1,lane_1,0.6371,,
cell_control_1057,donor_1,single_control,control,batch_1,lane_2,0.1126,,
cell_control_1058,donor_1,single_control,control,batch_1,lane_3,-0.4718,,
cell_control_1059,donor_1,single_control,control,batch_1,lane_1,-0.9815,,
cell_control_1060,donor_1,single_control,control,batch_1,lane_2,1.2642,,
cell_control_1061,donor_1,single_control,control,batch_1,lane_3,0.7499,,
cell_control_1062,donor_1,single_control,control,batch_1,lane_1,-0.9147,,
cell_control_1063,donor_1,single_control,control,batch_1,lane_2,0.9497,,
cell_control_1064,donor_1,single_control,control,batch_1,lane_3,-1.0631,,
cell_control_1065,donor_1,single_control,control,batch_1,lane_1,0.6163,,
cell_control_1066,donor_1,single_control,control,batch_1,lane_2,-0.9226,,
cell_control_1067,donor_1,single_control,control,batch_1,lane_3,-0.398,,
cell_control_1068,donor_1,single_control,control,batch_1,lane_1,0.4753,,
cell_control_1069,donor_1,single_control,control,batch_1,lane_2,0.415,,
cell_control_1070,donor_1,single_control,control,batch_1,lane_3,0.9711,,
cell_control_1071,donor_1,single_control,control,batch_1,lane_1,-0.8035,,
cell_control_1072,donor_1,single_control,control,batch_1,lane_2,1.5157,,
cell_control_1073,donor_1,single_control,control,batch_1,lane_3,1.2908,,
cell_control_1074,donor_1,single_control,control,batch_1,lane_1,-0.0098,,
cell_control_1075,donor_1,single_control,control,batch_1,lane_2,0.4466,,
cell_control_1076,donor_1,single_control,control,batch_1,lane_3,-0.747,,
cell_control_1077,donor_1,single_control,control,batch_1,lane_1,-0.1463,,
cell_control_1078,donor_1,single_control,control,batch_1,lane_2,-1.2679,,
cell_control_1079,donor_1,single_control,control,batch_1,lane_3,0.0856,,
cell_control_1080,donor_1,single_control,control,batch_1,lane_1,0.1914,,
cell_control_1081,donor_1,single_control,control,batch_1,lane_2,1.2899,,
cell_control_1082,donor_1,single_control,control,batch_1,lane_3,0.9099,,
cell_control_1083,donor_1,single_control,control,batch_1,lane_1,0.7822,,
cell_control_1084,donor_1,single_control,control,batch_1,lane_2,-0.3474,,
cell_control_1085,donor_1,single_control,control,batch_1,lane_3,-0.2158,,
cell_control_1086,donor_1,single_control,control,batch_1,lane_1,-0.3272,,
cell_control_1087,donor_1,single_control,control,batch_1,lane_2,0.2134,,
cell_control_1088,donor_1,single_control,control,batch_1,lane_3,-1.8533,,
cell_control_1089,donor_1,single_control,control,batch_1,lane_1,0.7401,,
cell_control_1090,donor_1,single_control,control,batch_1,lane_2,-1.5043,,
cell_control_1091,donor_1,single_control,control,batch_1,lane_3,-0.4947,,
cell_control_1092,donor_1,single_control,control,batch_1,lane_1,0.0214,,
cell_control_1093,donor_1,single_control,control,batch_1,lane_2,-0.493,,
cell_control_1094,donor_1,single_control,control,batch_1,lane_3,1.5964,,
cell_control_1095,donor_1,single_control,control,batch_1,lane_1,-0.0938,,
cell_control_1096,donor_1,single_control,control,batch_1,lane_2,1.5088,,
cell_control_1097,donor_1,single_control,control,batch_1,lane_3,1.1269,,
cell_control_1098,donor_1,single_control,control,batch_1,lane_1,-0.4771,,
cell_control_1099,donor_1,single_control,control,batch_1,lane_2,0.3848,,
cell_control_1100,donor_1,single_control,control,batch_1,lane_3,1.2464,,
cell_control_1101,donor_1,single_control,control,batch_1,lane_1,-0.3197,,
cell_control_1102,donor_1,single_control,control,batch_1,lane_2,0.0848,,
cell_control_1103,donor_1,single_control,control,batch_1,lane_3,-0.5358,,
cell_control_1104,donor_1,single_control,control,batch_1,lane_1,0.0563,,
cell_control_1105,donor_1,single_control,control,batch_1,lane_2,-0.3397,,
cell_control_1106,donor_1,single_control,control,batch_1,lane_3,0.0793,,
cell_control_1107,donor_1,single_control,control,batch_1,lane_1,0.9619,,
cell_control_1108,donor_1,single_control,control,batch_1,lane_2,1.3372,,
cell_control_1109,donor_1,single_control,control,batch_1,lane_3,0.1278,,
cell_control_1110,donor_1,single_control,control,batch_1,lane_1,0.1939,,
cell_control_1111,donor_1,single_control,control,batch_1,lane_2,0.8219,,
cell_control_1112,donor_1,single_control,control,batch_1,lane_3,-0.2785,,
cell_control_1113,donor_1,single_control,control,batch_1,lane_1,-1.0162,,
cell_control_1114,donor_1,single_control,control,batch_1,lane_2,1.0659,,
cell_control_1115,donor_1,single_control,control,batch_1,lane_3,-0.8974,,
cell_control_1116,donor_1,single_control,control,batch_1,lane_1,0.8932,,
cell_control_1117,donor_1,single_control,control,batch_1,lane_2,-0.9261,,
cell_control_1118,donor_1,single_control,control,batch_1,lane_3,1.7572,,
cell_control_1119,donor_1,single_control,control,batch_1,lane_1,-1.0022,,
cell_control_1120,donor_1,single_control,control,batch_1,lane_2,0.815,,
cell_control_1121,donor_1,single_control,control,batch_1,lane_3,1.4395,,
cell_control_1122,donor_1,single_control,control,batch_1,lane_1,-0.9226,,
cell_control_1123,donor_1,single_control,control,batch_1,lane_2,1.426,,
cell_control_1124,donor_1,single_control,control,batch_1,lane_3,-0.7903,,
cell_control_1125,donor_1,single_control,control,batch_1,lane_1,-1.6937,,
cell_control_1126,donor_1,single_control,control,batch_1,lane_2,0.693,,
cell_control_1127,donor_1,single_control,control,batch_1,lane_3,0.6734,,
cell_control_1128,donor_1,single_control,control,batch_1,lane_1,-0.1946,,
cell_control_1129,donor_1,single_control,control,batch_1,lane_2,-2.4241,,
cell_control_1130,donor_1,single_control,control,batch_1,lane_3,-0.0526,,
cell_control_1131,donor_1,single_control,control,batch_1,lane_1,-0.2936,,
cell_control_1132,donor_1,single_control,control,batch_1,lane_2,-0.3642,,
cell_control_1133,donor_1,single_control,control,batch_1,lane_3,-0.2781,,
cell_control_1134,donor_1,single_control,control,batch_1,lane_1,-1.7184,,
cell_control_1135,donor_1,single_control,control,batch_1,lane_2,-0.5444,,
cell_control_1136,donor_1,single_control,control,batch_1,lane_3,1.728,,
cell_control_1137,donor_1,single_control,control,batch_1,lane_1,1.4847,,
cell_control_1138,donor_1,single_control,control,batch_1,lane_2,-0.3471,,
cell_control_1139,donor_1,single_control,control,batch_1,lane_3,-0.6835,,
cell_control_1140,donor_1,single_control,control,batch_1,lane_1,0.3805,,
cell_control_1141,donor_1,single_control,control,batch_1,lane_2,1.0194,,
cell_control_1142,donor_1,single_control,control,batch_1,lane_3,0.6942,,
cell_control_1143,donor_1,single_control,control,batch_1,lane_1,-1.1223,,
cell_control_1144,donor_1,single_control,control,batch_1,lane_2,0.1556,,
cell_control_1145,donor_1,single_control,control,batch_1,lane_3,0.1347,,
cell_control_1146,donor_1,single_control,control,batch_1,lane_1,1.3809,,
cell_control_1147,donor_1,single_control,control,batch_1,lane_2,1.1485,,
cell_control_1148,donor_1,single_control,control,batch_1,lane_3,0.5029,,
cell_control_1149,donor_1,single_control,control,batch_1,lane_1,1.1675,,
cell_control_1150,donor_1,single_control,control,batch_1,lane_2,-0.3795,,
cell_control_1151,donor_1,single_control,control,batch_1,lane_3,1.4765,,
cell_control_1152,donor_1,single_control,control,batch_1,lane_1,-0.4088,,
cell_control_1153,donor_1,single_control,control,batch_1,lane_2,0.38,,
cell_control_1154,donor_1,single_control,control,batch_1,lane_3,0.8815,,
cell_control_1155,donor_1,single_control,control,batch_1,lane_1,-0.877,,
cell_control_1156,donor_1,single_control,control,batch_1,lane_2,-0.6741,,
cell_control_1157,donor_1,single_control,control,batch_1,lane_3,-1.6876,,
cell_control_1158,donor_1,single_control,control,batch_1,lane_1,0.1582,,
cell_control_1159,donor_1,single_control,control,batch_1,lane_2,-0.0527,,
cell_control_1160,donor_1,single_control,control,batch_1,lane_3,-0.3137,,
cell_control_1161,donor_1,single_control,control,batch_1,lane_1,0.4784,,
cell_control_1162,donor_1,single_control,control,batch_1,lane_2,-2.0316,,
cell_control_1163,donor_1,single_control,control,batch_1,lane_3,-0.0227,,
cell_control_1164,donor_1,single_control,control,batch_1,lane_1,0.0838,,
cell_control_1165,donor_1,single_control,control,batch_1,lane_2,-0.2553,,
cell_control_1166,donor_1,single_control,control,batch_1,lane_3,0.7623,,
cell_control_1167,donor_1,single_control,control,batch_1,lane_1,1.6822,,
cell_control_1168,donor_1,single_control,control,batch_1,lane_2,-0.4279,,
cell_control_1169,donor_1,single_control,control,batch_1,lane_3,-0.9022,,
cell_control_1170,donor_1,single_control,control,batch_1,lane_1,-0.5802,,
cell_control_1171,donor_1,single_control,control,batch_1,lane_2,0.0891,,
cell_control_1172,donor_1,single_control,control,batch_1,lane_3,0.5626,,
cell_control_1173,donor_1,single_control,control,batch_1,lane_1,-0.8266,,
cell_control_1174,donor_1,single_control,control,batch_1,lane_2,0.9593,,
cell_control_1175,donor_1,single_control,control,batch_1,lane_3,-0.9835,,
cell_control_1176,donor_1,single_control,control,batch_1,lane_1,0.7941,,
cell_control_1177,donor_1,single_control,control,batch_1,lane_2,0.4102,,
cell_control_1178,donor_1,single_control,control,batch_1,lane_3,0.4451,,
cell_control_1179,donor_1,single_control,control,batch_1,lane_1,2.0713,,
cell_control_1180,donor_1,single_control,control,batch_1,lane_2,-0.2531,,
cell_control_1181,donor_1,single_control,control,batch_1,lane_3,-0.1589,,
cell_control_1182,donor_1,single_control,control,batch_1,lane_1,0.4573,,
cell_control_1183,donor_1,single_control,control,batch_1,lane_2,0.8285,,
cell_control_1184,donor_1,single_control,control,batch_1,lane_3,-1.285,,
cell_control_1185,donor_1,single_control,control,batch_1,lane_1,0.2639,,
cell_control_1186,donor_1,single_control,control,batch_1,lane_2,-0.7119,,
cell_control_1187,donor_1,single_control,control,batch_1,lane_3,0.6051,,
cell_control_1188,donor_1,single_control,control,batch_1,lane_1,1.3147,,
cell_control_1189,donor_1,single_control,control,batch_1,lane_2,0.0495,,
cell_control_1190,donor_1,single_control,control,batch_1,lane_3,-0.1023,,
cell_control_1191,donor_1,single_control,control,batch_1,lane_1,0.176,,
cell_control_1192,donor_1,single_control,control,batch_1,lane_2,-2.8369,,
cell_control_1193,donor_1,single_control,control,batch_1,lane_3,0.7397,,
cell_control_1194,donor_1,single_control,control,batch_1,lane_1,0.5388,,
cell_control_1195,donor_1,single_control,control,batch_1,lane_2,0.1579,,
cell_control_1196,donor_1,single_control,control,batch_1,lane_3,-0.3801,,
cell_control_1197,donor_1,single_control,control,batch_1,lane_1,-0.7016,,
cell_control_1198,donor_1,single_control,control,batch_1,lane_2,-0.172,,
cell_control_1199,donor_1,single_control,control,batch_1,lane_3,1.1648,,
cell_control_1200,donor_1,single_control,control,batch_1,lane_1,-0.0983,,
cell_control_1201,donor_1,single_control,control,batch_1,lane_2,1.2936,,
cell_control_1202,donor_1,single_control,control,batch_1,lane_3,-2.4691,,
cell_control_1203,donor_1,single_control,control,batch_1,lane_1,-0.4413,,
cell_control_1204,donor_1,single_control,control,batch_1,lane_2,0.2631,,
cell_control_1205,donor_1,single_control,control,batch_1,lane_3,-0.0129,,
cell_control_1206,donor_1,single_control,control,batch_1,lane_1,-1.5937,,
cell_control_1207,donor_1,single_control,control,batch_1,lane_2,-0.6383,,
cell_control_1208,donor_1,single_control,control,batch_1,lane_3,1.1998,,
cell_control_1209,donor_1,single_control,control,batch_1,lane_1,-1.24,,
cell_control_1210,donor_1,single_control,control,batch_1,lane_2,-0.9511,,
cell_control_1211,donor_1,single_control,control,batch_1,lane_3,-1.0532,,
cell_control_1212,donor_1,single_control,control,batch_1,lane_1,-0.5298,,
cell_control_1213,donor_1,single_control,control,batch_1,lane_2,0.6171,,
cell_control_1214,donor_1,single_control,control,batch_1,lane_3,0.5704,,
cell_control_1215,donor_1,single_control,control,batch_1,lane_1,-1.9491,,
cell_control_1216,donor_1,single_control,control,batch_1,lane_2,1.4014,,
cell_control_1217,donor_1,single_control,control,batch_1,lane_3,-0.5687,,
cell_control_1218,donor_1,single_control,control,batch_1,lane_1,-0.565,,
cell_control_1219,donor_1,single_control,control,batch_1,lane_2,1.6009,,
cell_control_1220,donor_1,single_control,control,batch_1,lane_3,-0.0784,,
cell_control_1221,donor_1,single_control,control,batch_1,lane_1,-1.19,,
cell_control_1222,donor_1,single_control,control,batch_1,lane_2,-0.6134,,
cell_control_1223,donor_1,single_control,control,batch_1,lane_3,-0.6976,,
cell_control_1224,donor_1,single_control,control,batch_1,lane_1,-0.9692,,
cell_control_1225,donor_1,single_control,control,batch_1,lane_2,-0.3199,,
cell_control_1226,donor_1,single_control,control,batch_1,lane_3,0.8423,,
cell_control_1227,donor_1,single_control,control,batch_1,lane_1,0.3363,,
cell_control_1228,donor_1,single_control,control,batch_1,lane_2,-1.3255,,
cell_control_1229,donor_1,single_control,control,batch_1,lane_3,2.6758,,
cell_control_1230,donor_1,single_control,control,batch_1,lane_1,-0.9503,,
cell_control_1231,donor_1,single_control,control,batch_1,lane_2,0.1112,,
cell_control_1232,donor_1,single_control,control,batch_1,lane_3,0.0302,,
cell_control_1233,donor_1,single_control,control,batch_1,lane_1,0.731,,
cell_control_1234,donor_1,single_control,control,batch_1,lane_2,-0.3152,,
cell_control_1235,donor_1,single_control,control,batch_1,lane_3,0.4383,,
cell_control_1236,donor_1,single_control,control,batch_1,lane_1,2.0216,,
cell_control_1237,donor_1,single_control,control,batch_1,lane_2,0.0919,,
cell_control_1238,donor_1,single_control,control,batch_1,lane_3,-1.0393,,
cell_control_1239,donor_1,single_control,control,batch_1,lane_1,0.3152,,
cell_control_1240,donor_1,single_control,control,batch_1,lane_2,-0.7708,,
cell_control_1241,donor_1,single_control,control,batch_1,lane_3,-0.3552,,
cell_control_1242,donor_1,single_control,control,batch_1,lane_1,0.1807,,
cell_control_1243,donor_1,single_control,control,batch_1,lane_2,0.3234,,
cell_control_1244,donor_1,single_control,control,batch_1,lane_3,-0.2731,,
cell_control_1245,donor_1,single_control,control,batch_1,lane_1,0.8144,,
cell_control_1246,donor_1,single_control,control,batch_1,lane_2,-0.185,,
cell_control_1247,donor_1,single_control,control,batch_1,lane_3,-1.2524,,
cell_control_1248,donor_1,single_control,control,batch_1,lane_1,0.8428,,
cell_control_1249,donor_1,single_control,control,batch_1,lane_2,-0.3495,,
cell_control_1250,donor_1,single_control,control,batch_1,lane_3,1.1644,,
cell_control_1251,donor_1,single_control,control,batch_1,lane_1,-0.6285,,
cell_control_1252,donor_1,single_control,control,batch_1,lane_2,0.5499,,
cell_control_1253,donor_1,single_control,control,batch_1,lane_3,0.3024,,
cell_control_1254,donor_1,single_control,control,batch_1,lane_1,-2.589,,
cell_control_1255,donor_1,single_control,control,batch_1,lane_2,-1.4335,,
cell_control_1256,donor_1,single_control,control,batch_1,lane_3,-1.0746,,
cell_control_1257,donor_1,single_control,control,batch_1,lane_1,1.3504,,
cell_control_1258,donor_1,single_control,control,batch_1,lane_2,-1.8125,,
cell_control_1259,donor_1,single_control,control,batch_1,lane_3,0.8771,,
cell_control_1260,donor_1,single_control,control,batch_1,lane_1,1.0485,,
cell_control_1261,donor_1,single_control,control,batch_1,lane_2,0.4754,,
cell_control_1262,donor_1,single_control,control,batch_1,lane_3,0.6474,,
cell_control_1263,donor_1,single_control,control,batch_1,lane_1,-0.4759,,
cell_control_1264,donor_1,single_control,control,batch_1,lane_2,-0.0102,,
cell_control_1265,donor_1,single_control,control,batch_1,lane_3,0.2158,,
cell_control_1266,donor_1,single_control,control,batch_1,lane_1,0.404,,
cell_control_1267,donor_1,single_control,control,batch_1,lane_2,0.6789,,
cell_control_1268,donor_1,single_control,control,batch_1,lane_3,-0.1984,,
cell_control_1269,donor_1,single_control,control,batch_1,lane_1,-0.6732,,
cell_control_1270,donor_1,single_control,control,batch_1,lane_2,-0.5399,,
cell_control_1271,donor_1,single_control,control,batch_1,lane_3,0.3945,,
cell_control_1272,donor_1,single_control,control,batch_1,lane_1,-1.5946,,
cell_control_1273,donor_1,single_control,control,batch_1,lane_2,-1.2036,,
cell_control_1274,donor_1,single_control,control,batch_1,lane_3,-0.3954,,
cell_control_1275,donor_1,single_control,control,batch_1,lane_1,-0.5308,,
cell_control_1276,donor_1,single_control,control,batch_1,lane_2,-0.2596,,
cell_control_1277,donor_1,single_control,control,batch_1,lane_3,-2.5561,,
cell_control_1278,donor_1,single_control,control,batch_1,lane_1,-0.3273,,
cell_control_1279,donor_1,single_control,control,batch_1,lane_2,-0.2411,,
cell_control_1280,donor_1,single_control,control,batch_1,lane_3,0.7452,,
cell_control_1281,donor_1,single_control,control,batch_1,lane_1,-1.9005,,
cell_control_1282,donor_1,single_control,control,batch_1,lane_2,-0.2938,,
cell_control_1283,donor_1,single_control,control,batch_1,lane_3,0.4556,,
cell_control_1284,donor_1,single_control,control,batch_1,lane_1,0.47,,
cell_control_1285,donor_1,single_control,control,batch_1,lane_2,1.1484,,
cell_control_1286,donor_1,single_control,control,batch_1,lane_3,1.0134,,
cell_control_1287,donor_1,single_control,control,batch_1,lane_1,-1.0078,,
cell_control_1288,donor_1,single_control,control,batch_1,lane_2,0.6112,,
cell_control_1289,donor_1,single_control,control,batch_1,lane_3,-0.3217,,
cell_control_1290,donor_1,single_control,control,batch_1,lane_1,-0.7715,,
cell_control_1291,donor_1,single_control,control,batch_1,lane_2,1.4738,,
cell_control_1292,donor_1,single_control,control,batch_1,lane_3,-0.6048,,
cell_control_1293,donor_1,single_control,control,batch_1,lane_1,-0.8208,,
cell_control_1294,donor_1,single_control,control,batch_1,lane_2,-0.3919,,
cell_control_1295,donor_1,single_control,control,batch_1,lane_3,-0.819,,
cell_control_1296,donor_1,single_control,control,batch_1,lane_1,0.9677,,
cell_control_1297,donor_1,single_control,control,batch_1,lane_2,0.3653,,
cell_control_1298,donor_1,single_control,control,batch_1,lane_3,1.3462,,
cell_control_1299,donor_1,single_control,control,batch_1,lane_1,0.3954,,
cell_control_1300,donor_1,single_control,control,batch_1,lane_2,-0.5914,,
cell_control_1301,donor_1,single_control,control,batch_1,lane_3,1.007,,
cell_control_1302,donor_1,single_control,control,batch_1,lane_1,-0.6297,,
cell_control_1303,donor_1,single_control,control,batch_1,lane_2,-0.4446,,
cell_control_1304,donor_1,single_control,control,batch_1,lane_3,-0.1611,,
cell_control_1305,donor_1,single_control,control,batch_1,lane_1,0.0377,,
cell_control_1306,donor_1,single_control,control,batch_1,lane_2,1.1493,,
cell_control_1307,donor_1,single_control,control,batch_1,lane_3,-0.583,,
cell_control_1308,donor_1,single_control,control,batch_1,lane_1,0.3385,,
cell_control_1309,donor_1,single_control,control,batch_1,lane_2,-0.0266,,
cell_control_1310,donor_1,single_control,control,batch_1,lane_3,-1.2107,,
cell_control_1311,donor_1,single_control,control,batch_1,lane_1,-1.0535,,
cell_control_1312,donor_1,single_control,control,batch_1,lane_2,-0.2114,,
cell_control_1313,donor_1,single_control,control,batch_1,lane_3,0.3893,,
cell_control_1314,donor_1,single_control,control,batch_1,lane_1,0.3084,,
cell_control_1315,donor_1,single_control,control,batch_1,lane_2,0.4612,,
cell_control_1316,donor_1,single_control,control,batch_1,lane_3,0.0468,,
cell_control_1317,donor_1,single_control,control,batch_1,lane_1,-0.4314,,
cell_control_1318,donor_1,single_control,control,batch_1,lane_2,0.4107,,
cell_control_1319,donor_1,single_control,control,batch_1,lane_3,-0.9654,,
cell_control_1320,donor_1,single_control,control,batch_1,lane_1,-1.2935,,
cell_control_1321,donor_1,single_control,control,batch_1,lane_2,-0.3205,,
cell_control_1322,donor_1,single_control,control,batch_1,lane_3,-1.3771,,
cell_control_1323,donor_1,single_control,control,batch_1,lane_1,-0.4957,,
cell_control_1324,donor_1,single_control,control,batch_1,lane_2,-0.7199,,
cell_control_1325,donor_1,single_control,control,batch_1,lane_3,-0.534,,
cell_control_1326,donor_1,single_control,control,batch_1,lane_1,-0.0432,,
cell_control_1327,donor_1,single_control,control,batch_1,lane_2,-0.771,,
cell_control_1328,donor_1,single_control,control,batch_1,lane_3,-0.4074,,
cell_control_1329,donor_1,single_control,control,batch_1,lane_1,-1.648,,
cell_control_1330,donor_1,single_control,control,batch_1,lane_2,0.1399,,
cell_control_1331,donor_1,single_control,control,batch_1,lane_3,-0.8488,,
cell_control_1332,donor_1,single_control,control,batch_1,lane_1,0.3897,,
cell_control_1333,donor_1,single_control,control,batch_1,lane_2,-2.7251,,
cell_control_1334,donor_1,single_control,control,batch_1,lane_3,-0.7729,,
cell_control_1335,donor_1,single_control,control,batch_1,lane_1,0.2343,,
cell_control_1336,donor_1,single_control,control,batch_1,lane_2,-2.3532,,
cell_control_1337,donor_1,single_control,control,batch_1,lane_3,-0.3473,,
cell_control_1338,donor_1,single_control,control,batch_1,lane_1,0.0911,,
cell_control_1339,donor_1,single_control,control,batch_1,lane_2,0.0993,,
cell_control_1340,donor_1,single_control,control,batch_1,lane_3,-1.4427,,
cell_control_1341,donor_1,single_control,control,batch_1,lane_1,0.2214,,
cell_control_1342,donor_1,single_control,control,batch_1,lane_2,0.1435,,
cell_control_1343,donor_1,single_control,control,batch_1,lane_3,-0.938,,
cell_control_1344,donor_1,single_control,control,batch_1,lane_1,0.7181,,
cell_control_1345,donor_1,single_control,control,batch_1,lane_2,-0.0473,,
cell_control_1346,donor_1,single_control,control,batch_1,lane_3,0.018,,
cell_control_1347,donor_1,single_control,control,batch_1,lane_1,-0.4337,,
cell_control_1348,donor_1,single_control,control,batch_1,lane_2,0.5285,,
cell_control_1349,donor_1,single_control,control,batch_1,lane_3,0.0938,,
cell_control_1350,donor_1,single_control,control,batch_1,lane_1,1.0972,,
cell_control_1351,donor_1,single_control,control,batch_1,lane_2,0.4357,,
cell_control_1352,donor_1,single_control,control,batch_1,lane_3,-0.5957,,
cell_control_1353,donor_1,single_control,control,batch_1,lane_1,-0.2155,,
cell_control_1354,donor_1,single_control,control,batch_1,lane_2,0.8865,,
cell_control_1355,donor_1,single_control,control,batch_1,lane_3,-0.3526,,
cell_control_1356,donor_1,single_control,control,batch_1,lane_1,0.3695,,
cell_control_1357,donor_1,single_control,control,batch_1,lane_2,0.5041,,
cell_control_1358,donor_1,single_control,control,batch_1,lane_3,-0.1735,,
cell_control_1359,donor_1,single_control,control,batch_1,lane_1,-2.249,,
cell_control_1360,donor_1,single_control,control,batch_1,lane_2,0.1274,,
cell_control_1361,donor_1,single_control,control,batch_1,lane_3,0.2067,,
cell_control_1362,donor_1,single_control,control,batch_1,lane_1,0.131,,
cell_control_1363,donor_1,single_control,control,batch_1,lane_2,-0.7339,,
cell_control_1364,donor_1,single_control,control,batch_1,lane_3,1.1684,,
cell_control_1365,donor_1,single_control,control,batch_1,lane_1,-0.1302,,
cell_control_1366,donor_1,single_control,control,batch_1,lane_2,-0.6026,,
cell_control_1367,donor_1,single_control,control,batch_1,lane_3,-0.6934,,
cell_control_1368,donor_1,single_control,control,batch_1,lane_1,0.3466,,
cell_control_1369,donor_1,single_control,control,batch_1,lane_2,-1.0548,,
cell_control_1370,donor_1,single_control,control,batch_1,lane_3,-0.9676,,
cell_control_1371,donor_1,single_control,control,batch_1,lane_1,1.934,,
cell_control_1372,donor_1,single_control,control,batch_1,lane_2,1.267,,
cell_control_1373,donor_1,single_control,control,batch_1,lane_3,1.0191,,
cell_control_1374,donor_1,single_control,control,batch_1,lane_1,1.3201,,
cell_control_1375,donor_1,single_control,control,batch_1,lane_2,0.5756,,
cell_control_1376,donor_1,single_control,control,batch_1,lane_3,-1.6298,,
cell_control_1377,donor_1,single_control,control,batch_1,lane_1,1.1554,,
cell_control_1378,donor_1,single_control,control,batch_1,lane_2,1.1984,,
cell_control_1379,donor_1,single_control,control,batch_1,lane_3,0.4744,,
cell_control_1380,donor_1,single_control,control,batch_1,lane_1,-1.893,,
cell_control_1381,donor_1,single_control,control,batch_1,lane_2,1.2026,,
cell_control_1382,donor_1,single_control,control,batch_1,lane_3,1.3215,,
cell_control_1383,donor_1,single_control,control,batch_1,lane_1,-0.4762,,
cell_control_1384,donor_1,single_control,control,batch_1,lane_2,0.1235,,
cell_control_1385,donor_1,single_control,control,batch_1,lane_3,0.7518,,
cell_control_1386,donor_1,single_control,control,batch_1,lane_1,-0.0825,,
cell_control_1387,donor_1,single_control,control,batch_1,lane_2,1.0634,,
cell_control_1388,donor_1,single_control,control,batch_1,lane_3,0.0787,,
cell_control_1389,donor_1,single_control,control,batch_1,lane_1,0.6694,,
cell_control_1390,donor_1,single_control,control,batch_1,lane_2,0.0826,,
cell_control_1391,donor_1,single_control,control,batch_1,lane_3,-1.4323,,
cell_control_1392,donor_1,single_control,control,batch_1,lane_1,-0.964,,
cell_control_1393,donor_1,single_control,control,batch_1,lane_2,3.0675,,
cell_control_1394,donor_1,single_control,control,batch_1,lane_3,0.2704,,
cell_control_1395,donor_1,single_control,control,batch_1,lane_1,1.2699,,
cell_control_1396,donor_1,single_control,control,batch_1,lane_2,1.1029,,
cell_control_1397,donor_1,single_control,control,batch_1,lane_3,1.6614,,
cell_control_1398,donor_1,single_control,control,batch_1,lane_1,0.5372,,
cell_control_1399,donor_1,single_control,control,batch_1,lane_2,-0.5774,,
cell_control_1400,donor_1,single_control,control,batch_1,lane_3,0.018,,
cell_control_1401,donor_1,single_control,control,batch_1,lane_1,-1.8604,,
cell_control_1402,donor_1,single_control,control,batch_1,lane_2,-0.1824,,
cell_control_1403,donor_1,single_control,control,batch_1,lane_3,0.8788,,
cell_control_1404,donor_1,single_control,control,batch_1,lane_1,-2.0966,,
cell_control_1405,donor_1,single_control,control,batch_1,lane_2,0.1909,,
cell_control_1406,donor_1,single_control,control,batch_1,lane_3,0.7991,,
cell_control_1407,donor_1,single_control,control,batch_1,lane_1,1.2875,,
cell_control_1408,donor_1,single_control,control,batch_1,lane_2,-0.8984,,
cell_control_1409,donor_1,single_control,control,batch_1,lane_3,-0.6322,,
cell_control_1410,donor_1,single_control,control,batch_1,lane_1,-1.8196,,
cell_control_1411,donor_1,single_control,control,batch_1,lane_2,-0.9888,,
cell_control_1412,donor_1,single_control,control,batch_1,lane_3,0.518,,
cell_control_1413,donor_1,single_control,control,batch_1,lane_1,2.0081,,
cell_control_1414,donor_1,single_control,control,batch_1,lane_2,-1.112,,
cell_control_1415,donor_1,single_control,control,batch_1,lane_3,1.3379,,
cell_control_1416,donor_1,single_control,control,batch_1,lane_1,0.4146,,
cell_control_1417,donor_1,single_control,control,batch_1,lane_2,-0.4802,,
cell_control_1418,donor_1,single_control,control,batch_1,lane_3,2.1298,,
cell_control_1419,donor_1,single_control,control,batch_1,lane_1,-2.4476,,
cell_control_1420,donor_1,single_control,control,batch_1,lane_2,-0.0655,,
cell_control_1421,donor_1,single_control,control,batch_1,lane_3,0.2125,,
cell_control_1422,donor_1,single_control,control,batch_1,lane_1,2.0684,,
cell_control_1423,donor_1,single_control,control,batch_1,lane_2,1.7456,,
cell_control_1424,donor_1,single_control,control,batch_1,lane_3,2.1988,,
cell_control_1425,donor_1,single_control,control,batch_1,lane_1,0.1304,,
cell_control_1426,donor_1,single_control,control,batch_1,lane_2,0.9527,,
cell_control_1427,donor_1,single_control,control,batch_1,lane_3,1.3252,,
cell_control_1428,donor_1,single_control,control,batch_1,lane_1,0.4973,,
cell_control_1429,donor_1,single_control,control,batch_1,lane_2,0.3497,,
cell_control_1430,donor_1,single_control,control,batch_1,lane_3,-0.1783,,
cell_control_1431,donor_1,single_control,control,batch_1,lane_1,-0.3967,,
cell_control_1432,donor_1,single_control,control,batch_1,lane_2,-1.1944,,
cell_control_1433,donor_1,single_control,control,batch_1,lane_3,1.8941,,
cell_control_1434,donor_1,single_control,control,batch_1,lane_1,-0.4337,,
cell_control_1435,donor_1,single_control,control,batch_1,lane_2,-2.0212,,
cell_control_1436,donor_1,single_control,control,batch_1,lane_3,0.2566,,
cell_control_1437,donor_1,single_control,control,batch_1,lane_1,-0.033,,
cell_control_1438,donor_1,single_control,control,batch_1,lane_2,0.1711,,
cell_control_1439,donor_1,single_control,control,batch_1,lane_3,1.7642,,
cell_control_1440,donor_1,single_control,control,batch_1,lane_1,-0.1032,,
cell_control_1441,donor_1,single_control,control,batch_1,lane_2,-0.258,,
cell_control_1442,donor_1,single_control,control,batch_1,lane_3,-0.7256,,
cell_control_1443,donor_1,single_control,control,batch_1,lane_1,-0.0218,,
cell_control_1444,donor_1,single_control,control,batch_1,lane_2,-0.4265,,
cell_control_1445,donor_1,single_control,control,batch_1,lane_3,0.1991,,
cell_control_1446,donor_1,single_control,control,batch_1,lane_1,3.0375,,
cell_control_1447,donor_1,single_control,control,batch_1,lane_2,0.3825,,
cell_control_1448,donor_1,single_control,control,batch_1,lane_3,-0.8332,,
cell_control_1449,donor_1,single_control,control,batch_1,lane_1,1.8769,,
cell_control_1450,donor_1,single_control,control,batch_1,lane_2,0.8404,,
cell_control_1451,donor_1,single_control,control,batch_1,lane_3,0.7938,,
cell_control_1452,donor_1,single_control,control,batch_1,lane_1,0.6955,,
cell_control_1453,donor_1,single_control,control,batch_1,lane_2,0.797,,
cell_control_1454,donor_1,single_control,control,batch_1,lane_3,0.6563,,
cell_control_1455,donor_1,single_control,control,batch_1,lane_1,1.3719,,
cell_control_1456,donor_1,single_control,control,batch_1,lane_2,0.9794,,
cell_control_1457,donor_1,single_control,control,batch_1,lane_3,1.3119,,
cell_control_1458,donor_1,single_control,control,batch_1,lane_1,-0.4882,,
cell_control_1459,donor_1,single_control,control,batch_1,lane_2,-0.0022,,
cell_control_1460,donor_1,single_control,control,batch_1,lane_3,-0.7094,,
cell_control_1461,donor_1,single_control,control,batch_1,lane_1,0.9317,,
cell_control_1462,donor_1,single_control,control,batch_1,lane_2,0.8089,,
cell_control_1463,donor_1,single_control,control,batch_1,lane_3,-0.4534,,
cell_control_1464,donor_1,single_control,control,batch_1,lane_1,0.5689,,
cell_control_1465,donor_1,single_control,control,batch_1,lane_2,2.5553,,
cell_control_1466,donor_1,single_control,control,batch_1,lane_3,1.2037,,
cell_control_1467,donor_1,single_control,control,batch_1,lane_1,-1.0863,,
cell_control_1468,donor_1,single_control,control,batch_1,lane_2,-0.0898,,
cell_control_1469,donor_1,single_control,control,batch_1,lane_3,0.6181,,
cell_control_1470,donor_1,single_control,control,batch_1,lane_1,-0.0347,,
cell_control_1471,donor_1,single_control,control,batch_1,lane_2,0.3763,,
cell_control_1472,donor_1,single_control,control,batch_1,lane_3,1.1487,,
cell_control_1473,donor_1,single_control,control,batch_1,lane_1,0.3196,,
cell_control_1474,donor_1,single_control,control,batch_1,lane_2,-1.0687,,
cell_control_1475,donor_1,single_control,control,batch_1,lane_3,0.6961,,
cell_control_1476,donor_1,single_control,control,batch_1,lane_1,-0.0948,,
cell_control_1477,donor_1,single_control,control,batch_1,lane_2,0.1109,,
cell_control_1478,donor_1,single_control,control,batch_1,lane_3,-0.5514,,
cell_control_1479,donor_1,single_control,control,batch_1,lane_1,-1.3466,,
cell_control_1480,donor_1,single_control,control,batch_1,lane_2,-1.2138,,
cell_control_1481,donor_1,single_control,control,batch_1,lane_3,-0.3441,,
cell_control_1482,donor_1,single_control,control,batch_1,lane_1,-1.0413,,
cell_control_1483,donor_1,single_control,control,batch_1,lane_2,-2.644,,
cell_control_1484,donor_1,single_control,control,batch_1,lane_3,1.1182,,
cell_control_1485,donor_1,single_control,control,batch_1,lane_1,-1.1312,,
cell_control_1486,donor_1,single_control,control,batch_1,lane_2,-0.7058,,
cell_control_1487,donor_1,single_control,control,batch_1,lane_3,0.5177,,
cell_control_1488,donor_1,single_control,control,batch_1,lane_1,-2.3475,,
cell_control_1489,donor_1,single_control,control,batch_1,lane_2,1.307,,
cell_control_1490,donor_1,single_control,control,batch_1,lane_3,-0.7486,,
cell_control_1491,donor_1,single_control,control,batch_1,lane_1,0.6428,,
cell_control_1492,donor_1,single_control,control,batch_1,lane_2,-0.4691,,
cell_control_1493,donor_1,single_control,control,batch_1,lane_3,0.2978,,
cell_control_1494,donor_1,single_control,control,batch_1,lane_1,0.1026,,
cell_control_1495,donor_1,single_control,control,batch_1,lane_2,-0.0011,,
cell_control_1496,donor_1,single_control,control,batch_1,lane_3,-1.7793,,
cell_control_1497,donor_1,single_control,control,batch_1,lane_1,-1.4315,,
cell_control_1498,donor_1,single_control,control,batch_1,lane_2,-0.0403,,
cell_control_1499,donor_1,single_control,control,batch_1,lane_3,1.3734,,
